date,symbol,sector,classification,score,opportunity_score,risk_score,regime,close
2026-09-24,ACLBSL,MICROFINANCE,NEUTRAL,44.7975,31.3325,21.6387,NEUTRAL,877
2026-09-24,ADBL,BANKING,STRONG_SETUP,78.1988,72.7791,7.7731,NEUTRAL,313
2026-09-24,AHL,HYDROPOWER,AVOID,20.8611,22.509,80.4622,NEUTRAL,402.7
2026-09-24,AHPC,HYDROPOWER,SETUP,74.9771,74.8049,25.6303,NEUTRAL,266.9
2026-09-24,AKJCL,HYDROPOWER,WATCH,61.3561,69.3878,62.395,NEUTRAL,358
2026-09-24,AKPL,HYDROPOWER,SETUP,64.3899,62.1549,35.7143,NEUTRAL,253
2026-09-24,ALBSL,MICROFINANCE,NEUTRAL,48.7075,63.8655,87.8151,NEUTRAL,1174.4
2026-09-24,ALICL,LIFEINSU,WATCH,62.8874,62.1699,34.6639,NEUTRAL,432.8
2026-09-24,ANLB,MICROFINANCE,AVOID,26.5104,34.2737,89.0756,NEUTRAL,4987
2026-09-24,APHL,HYDROPOWER,INSUFFICIENT_DATA,,,,NEUTRAL,671
2026-09-24,API,HYDROPOWER,STRONG_SETUP,84.23,80.4922,11.3445,NEUTRAL,334.8
2026-09-24,AVYAN,MICROFINANCE,NEUTRAL,42.261,53.7965,73.9496,NEUTRAL,1060
2026-09-24,BANDIPUR,HOTELS,NEUTRAL,51.9534,51.8157,50.8403,NEUTRAL,640
2026-09-24,BARUN,HYDROPOWER,NEUTRAL,55.2768,53.4064,46.0084,NEUTRAL,326
2026-09-24,BBC,TRADING,NEUTRAL,51.1815,48.8295,33.8235,NEUTRAL,4090.5
2026-09-24,BEDC,HYDROPOWER,NEUTRAL,38.3618,39.946,66.8067,NEUTRAL,308.9
2026-09-24,BFC,FINANCE,NEUTRAL,39.6921,40.4712,66.3866,NEUTRAL,447
2026-09-24,BGWT,HYDROPOWER,AVOID,23.0318,25.5102,86.7647,NEUTRAL,492
2026-09-24,BHCL,HYDROPOWER,WATCH,58.5637,63.7905,60.7143,NEUTRAL,574.8
2026-09-24,BHDC,HYDROPOWER,WATCH,57.8718,57.518,37.1849,NEUTRAL,433.4
2026-09-24,BHL,HYDROPOWER,SETUP,69.5967,75.1351,44.1176,NEUTRAL,212.2
2026-09-24,BHPL,HYDROPOWER,HIGH_RISK,23.9384,32.7131,90.3361,NEUTRAL,447.5
2026-09-24,BJHL,HYDROPOWER,AVOID,26.551,24.6324,76.2605,NEUTRAL,643
2026-09-24,BNHC,HYDROPOWER,NEUTRAL,42.8557,43.1122,54.8319,NEUTRAL,278.5
2026-09-24,BNL,MANUFACTURE,AVOID,39.0534,35.2491,44.1176,NEUTRAL,14244.7
2026-09-24,BNT,MANUFACTURE,NEUTRAL,56.4898,60.2491,37.395,NEUTRAL,12001
2026-09-24,BPCL,HYDROPOWER,SETUP,69.4703,77.7311,45.3782,NEUTRAL,676
2026-09-24,BUNGAL,HYDROPOWER,NEUTRAL,33.9814,37.575,78.5714,NEUTRAL,514
2026-09-24,CBBL,MICROFINANCE,STRONG_SETUP,86.1701,82.1279,2.1008,NEUTRAL,956.8
2026-09-24,CFCL,FINANCE,HIGH_RISK,46.8933,63.3703,92.437,NEUTRAL,567.9
2026-09-24,CGH,HOTELS,WATCH,62.2203,45.2581,7.7731,NEUTRAL,773
2026-09-24,CHCL,HYDROPOWER,AVOID,27.9337,26.2905,85.9244,NEUTRAL,352
2026-09-24,CHDC,INVESTMENT,STRONG_SETUP,82.2262,77.0408,12.1849,NEUTRAL,2402
2026-09-24,CHL,HYDROPOWER,NEUTRAL,50.6974,55.042,54.6218,NEUTRAL,267
2026-09-24,CIT,INVESTMENT,SETUP,73.7709,65.1561,10.084,NEUTRAL,1747
2026-09-24,CITY,HOTELS,NEUTRAL,46.2614,40.5012,53.9916,NEUTRAL,353.5
2026-09-24,CKHL,HYDROPOWER,AVOID,22.3294,30.6573,87.1849,NEUTRAL,582.4
2026-09-24,CLI,LIFEINSU,SETUP,67.5047,64.8409,21.2185,NEUTRAL,440
2026-09-24,CREST,LIFEINSU,HIGH_RISK,30.1734,41.3415,93.0672,NEUTRAL,1099
2026-09-24,CYCL,MICROFINANCE,HIGH_RISK,48.3154,67.5195,96.2185,NEUTRAL,1630
2026-09-24,CZBIL,BANKING,SETUP,66.425,78.1363,53.1513,NEUTRAL,213.4
2026-09-24,DDBL,MICROFINANCE,STRONG_SETUP,78.6959,77.596,7.7731,NEUTRAL,861
2026-09-24,DHEL,HYDROPOWER,NEUTRAL,40.3851,43.9826,69.958,NEUTRAL,554
2026-09-24,DHPL,HYDROPOWER,NEUTRAL,37.8893,41.9118,62.1849,NEUTRAL,275
2026-09-24,DLBS,MICROFINANCE,HIGH_RISK,24.6797,40.5912,100,NEUTRAL,1205.1
2026-09-24,DOLTI,HYDROPOWER,AVOID,26.4904,21.7287,75,NEUTRAL,299
2026-09-24,DORDI,HYDROPOWER,WATCH,63.5171,76.8007,59.8739,NEUTRAL,263
2026-09-24,EBL,BANKING,STRONG_SETUP,84.7757,78.9166,4.6218,NEUTRAL,697.4
2026-09-24,ECL,MANUFACTURE,INSUFFICIENT_DATA,,,,NEUTRAL,1296.1
2026-09-24,EHPL,HYDROPOWER,NEUTRAL,39.7346,49.5948,72.2689,NEUTRAL,326.8
2026-09-24,ENL,INVESTMENT,HIGH_RISK,20.0469,23.6345,98.5294,NEUTRAL,550.6
2026-09-24,FMDBL,MICROFINANCE,NEUTRAL,40.217,51.4856,85.2941,NEUTRAL,759.5
2026-09-24,FOWAD,MICROFINANCE,NEUTRAL,49.9467,43.7125,31.5126,NEUTRAL,900
2026-09-24,GBIME,BANKING,STRONG_SETUP,83.9588,89.0306,27.3109,NEUTRAL,243.8
2026-09-24,GBLBS,MICROFINANCE,NEUTRAL,39.9217,43.1573,63.0252,NEUTRAL,692
2026-09-24,GCIL,MANUFACTURE,NEUTRAL,51.1271,59.0486,70.5882,NEUTRAL,401.3
2026-09-24,GFCL,FINANCE,WATCH,62.9321,51.1555,10.084,NEUTRAL,577
2026-09-24,GHL,HYDROPOWER,WATCH,57.9682,70.4682,74.1597,NEUTRAL,253.7
2026-09-24,GILB,MICROFINANCE,SETUP,67.1379,68.8926,23.7395,NEUTRAL,1139.5
2026-09-24,GLBSL,MICROFINANCE,AVOID,42.2128,32.8782,31.7227,NEUTRAL,1700
2026-09-24,GLH,HYDROPOWER,SETUP,68.3538,77.461,48.9496,NEUTRAL,278.8
2026-09-24,GMFBS,MICROFINANCE,AVOID,19.2426,22.6291,83.6134,NEUTRAL,1124
2026-09-24,GMFIL,FINANCE,NEUTRAL,35.3697,27.416,50.6303,NEUTRAL,421
2026-09-24,GMLI,LIFEINSU,AVOID,15.3579,12.2449,78.1513,NEUTRAL,990
2026-09-24,GUFL,FINANCE,NEUTRAL,48.3766,48.7995,51.0504,NEUTRAL,496.4
2026-09-24,GVL,HYDROPOWER,SETUP,72.1338,63.6104,9.2437,NEUTRAL,489.3
2026-09-24,HATHY,INVESTMENT,HIGH_RISK,13.7277,11.3745,97.0588,NEUTRAL,452.9
2026-09-24,HBL,BANKING,WATCH,61.0696,52.9862,27.521,NEUTRAL,195.5
2026-09-24,HDHPC,HYDROPOWER,WATCH,63.6855,82.563,75.6303,NEUTRAL,220.3
2026-09-24,HDL,MANUFACTURE,STRONG_SETUP,79.7204,74.9775,17.2269,NEUTRAL,1312
2026-09-24,HFIN,HOTELS,NEUTRAL,39.288,34.1687,60.084,NEUTRAL,617.5
2026-09-24,HHL,HYDROPOWER,WATCH,60.9977,61.5546,39.0756,NEUTRAL,342
2026-09-24,HIDCL,INVESTMENT,SETUP,65.4407,74.985,53.9916,NEUTRAL,256
2026-09-24,HIMSTAR,HYDROPOWER,NEUTRAL,30.784,26.7257,59.2437,NEUTRAL,644
2026-09-24,HLBSL,MICROFINANCE,WATCH,60.2196,56.5876,18.0672,NEUTRAL,869
2026-09-24,HLI,LIFEINSU,WATCH,58.0728,59.2437,44.5378,NEUTRAL,309.2
2026-09-24,HPPL,HYDROPOWER,WATCH,63.1478,57.3229,35.7143,NEUTRAL,380
2026-09-24,HRL,OTHERS,NEUTRAL,40.2674,28.5114,51.8908,NEUTRAL,510
2026-09-24,HURJA,HYDROPOWER,WATCH,56.5716,61.7347,59.8739,NEUTRAL,257
2026-09-24,ICFC,FINANCE,WATCH,63.4212,52.3559,7.7731,NEUTRAL,595
2026-09-24,IHL,HYDROPOWER,AVOID,28.4803,35.9994,84.2437,NEUTRAL,327.2
2026-09-24,ILBS,MICROFINANCE,HIGH_RISK,33.911,50.5102,93.4874,NEUTRAL,950
2026-09-24,ILI,LIFEINSU,SETUP,66.1477,62.8902,20.7983,NEUTRAL,428
2026-09-24,JBLB,MICROFINANCE,SETUP,70.3336,60.4142,2.7311,NEUTRAL,1278.8
2026-09-24,JFL,FINANCE,HIGH_RISK,13.0713,14.6158,97.2689,NEUTRAL,285
2026-09-24,JHAPA,OTHERS,NEUTRAL,39.1479,36.5096,53.1513,NEUTRAL,1038
2026-09-24,JOSHI,HYDROPOWER,NEUTRAL,47.847,57.428,63.6555,NEUTRAL,264
2026-09-24,JSLBB,MICROFINANCE,AVOID,36.0368,33.4184,50,NEUTRAL,969
2026-09-24,KAHL,HYDROPOWER,INSUFFICIENT_DATA,,,,NEUTRAL,485
2026-09-24,KBL,BANKING,STRONG_SETUP,82.6015,87.38,28.1513,NEUTRAL,226
2026-09-24,KBSH,HYDROPOWER,AVOID,18.2968,13.9256,83.8235,NEUTRAL,807
2026-09-24,KDL,HOTELS,AVOID,26.1209,18.2173,75.4202,NEUTRAL,629.8
2026-09-24,KHPL,HYDROPOWER,INSUFFICIENT_DATA,,,,NEUTRAL,716.7
2026-09-24,KKHC,HYDROPOWER,WATCH,57.8975,69.1176,70.5882,NEUTRAL,275.1
2026-09-24,KMCDB,MICROFINANCE,NEUTRAL,39.3489,51.3055,83.4034,NEUTRAL,828
2026-09-24,KPCL,HYDROPOWER,WATCH,60.5117,51.9208,16.8067,NEUTRAL,467
2026-09-24,LEC,HYDROPOWER,SETUP,67.7476,94.4778,86.7647,NEUTRAL,254.8
2026-09-24,LICN,LIFEINSU,SETUP,71.2152,66.2815,18.6975,NEUTRAL,800.9
2026-09-24,LLBS,MICROFINANCE,AVOID,44.9772,51.7707,52.9412,NEUTRAL,860
2026-09-24,LSL,BANKING,SETUP,73.2321,74.7824,34.6639,NEUTRAL,250
2026-09-24,MABEL,HYDROPOWER,NEUTRAL,37.732,45.2131,71.8487,NEUTRAL,579
2026-09-24,MAKAR,HYDROPOWER,NEUTRAL,48.9939,48.3643,60.5042,NEUTRAL,410.9
2026-09-24,MANDU,HYDROPOWER,NEUTRAL,40.4104,52.1909,84.0336,NEUTRAL,740.2
2026-09-24,MATRI,MICROFINANCE,AVOID,23.6587,9.1987,46.6387,NEUTRAL,727.1
2026-09-24,MBJC,HYDROPOWER,SETUP,73.0968,87.38,51.6807,NEUTRAL,295.9
2026-09-24,MBL,BANKING,STRONG_SETUP,79.8904,83.0582,24.7899,NEUTRAL,258.5
2026-09-24,MCHL,HYDROPOWER,AVOID,15.6504,18.3824,89.916,NEUTRAL,269.8
2026-09-24,MEHL,HYDROPOWER,AVOID,28.6533,25.2851,81.0924,NEUTRAL,255.9
2026-09-24,MEL,HYDROPOWER,NEUTRAL,51.0371,46.7887,38.8655,NEUTRAL,214
2026-09-24,MEN,HYDROPOWER,STRONG_SETUP,95.2094,93.9976,2.7311,NEUTRAL,653
2026-09-24,MEPDL,HYDROPOWER,INSUFFICIENT_DATA,,,,NEUTRAL,654
2026-09-24,MERO,MICROFINANCE,NEUTRAL,41.1845,35.6693,42.2269,NEUTRAL,607
2026-09-24,MFIL,FINANCE,WATCH,58.0394,59.7839,50.6303,NEUTRAL,764.8
2026-09-24,MHCL,HYDROPOWER,NEUTRAL,32.8852,32.0828,60.7143,NEUTRAL,296
2026-09-24,MHL,HYDROPOWER,NEUTRAL,51.6466,54.2767,44.1176,NEUTRAL,457
2026-09-24,MHNL,HYDROPOWER,NEUTRAL,41.8612,47.614,71.2185,NEUTRAL,252
2026-09-24,MKCL,OTHERS,AVOID,26.0289,25.4652,70.1681,NEUTRAL,867
2026-09-24,MKHC,HYDROPOWER,AVOID,26.1801,26.1104,77.7311,NEUTRAL,263.8
2026-09-24,MKHL,HYDROPOWER,NEUTRAL,34.1173,29.982,54.8319,NEUTRAL,505
2026-09-24,MKJC,HYDROPOWER,HIGH_RISK,17.3811,17.7371,98.3193,NEUTRAL,329.3
2026-09-24,MLBBL,MICROFINANCE,NEUTRAL,33.2861,33.1333,61.5546,NEUTRAL,978.9
2026-09-24,MLBS,MICROFINANCE,AVOID,22.4988,15.9364,60.2941,NEUTRAL,1019
2026-09-24,MLBSL,MICROFINANCE,AVOID,25.0775,18.3523,60.084,NEUTRAL,1126.4
2026-09-24,MMKJL,HYDROPOWER,HIGH_RISK,13.9663,16.4766,94.3277,NEUTRAL,361
2026-09-24,MPFL,FINANCE,NEUTRAL,39.8393,48.1843,77.521,NEUTRAL,588
2026-09-24,MSHL,HYDROPOWER,HIGH_RISK,9.7403,13.0852,95.5882,NEUTRAL,550
2026-09-24,MSLB,MICROFINANCE,NEUTRAL,53.8186,55.087,35.9244,NEUTRAL,1210
2026-09-24,NABIL,BANKING,STRONG_SETUP,87.7663,81.8052,2.1008,NEUTRAL,569
2026-09-24,NADEP,MICROFINANCE,NEUTRAL,39.5799,51.9508,71.6387,NEUTRAL,695
2026-09-24,NBL,BANKING,STRONG_SETUP,87.4353,88.7155,15.3361,NEUTRAL,292
2026-09-24,NESDO,MICROFINANCE,NEUTRAL,39.2349,26.5906,30.2521,NEUTRAL,1357.9
2026-09-24,NFS,FINANCE,AVOID,25.5525,18.1873,63.4454,NEUTRAL,495
2026-09-24,NGPL,HYDROPOWER,WATCH,62.1446,54.6819,33.8235,NEUTRAL,403
2026-09-24,NHDL,HYDROPOWER,WATCH,57.3715,46.3836,11.5546,NEUTRAL,633.2
2026-09-24,NHPC,HYDROPOWER,NEUTRAL,52.18,55.1921,65.1261,NEUTRAL,265.5
2026-09-24,NICA,BANKING,NEUTRAL,51.8792,46.7887,46.0084,NEUTRAL,316.3
2026-09-24,NICLBSL,MICROFINANCE,NEUTRAL,54.6872,47.6441,24.1597,NEUTRAL,516.9
2026-09-24,NIFRA,INVESTMENT,SETUP,74.2353,73.4694,24.3697,NEUTRAL,253
2026-09-24,NIMB,BANKING,WATCH,63.1455,60.7593,38.0252,NEUTRAL,194.6
2026-09-24,NLIC,LIFEINSU,SETUP,68.8648,65.1261,25.6303,NEUTRAL,745
2026-09-24,NLICL,LIFEINSU,WATCH,60.4461,60.3541,36.9748,NEUTRAL,581.4
2026-09-24,NLO,MANUFACTURE,AVOID,52.5386,56.9403,43.4874,NEUTRAL,271.3
2026-09-24,NMB,BANKING,SETUP,69.4713,71.3385,35.2941,NEUTRAL,257.1
2026-09-24,NMBMF,MICROFINANCE,NEUTRAL,49.0022,45.3031,34.2437,NEUTRAL,612.8
2026-09-24,NMFBS,MICROFINANCE,SETUP,73.2978,68.645,9.6639,NEUTRAL,1200
2026-09-24,NMLBBL,MICROFINANCE,NEUTRAL,45.0005,43.0072,48.3193,NEUTRAL,509
2026-09-24,NRIC,OTHERS,NEUTRAL,36.0277,35.039,70.7983,NEUTRAL,817
2026-09-24,NRM,OTHERS,NEUTRAL,35.8867,37.0348,60.2941,NEUTRAL,288
2026-09-24,NRN,INVESTMENT,SETUP,75.3204,79.8469,38.0252,NEUTRAL,1415
2026-09-24,NTC,OTHERS,STRONG_SETUP,84.3255,84.3337,4.8319,NEUTRAL,906
2026-09-24,NUBL,MICROFINANCE,WATCH,61.7892,55.2821,19.5378,NEUTRAL,604
2026-09-24,NWCL,OTHERS,AVOID,18.96,14.0756,71.2185,NEUTRAL,602
2026-09-24,NYADI,HYDROPOWER,AVOID,27.2705,24.2797,66.1765,NEUTRAL,351.4
2026-09-24,OHL,HOTELS,NEUTRAL,51.333,54.3067,40.7563,NEUTRAL,638
2026-09-24,OMPL,MANUFACTURE,AVOID,25.6277,16.4316,59.0336,NEUTRAL,870
2026-09-24,PCBL,BANKING,SETUP,69.276,69.7779,33.1933,NEUTRAL,257
2026-09-24,PCIL,MANUFACTURE,INSUFFICIENT_DATA,,,,NEUTRAL,633
2026-09-24,PFL,FINANCE,AVOID,45.7944,24.6999,5.6723,NEUTRAL,351
2026-09-24,PHCL,HYDROPOWER,WATCH,60.7843,62.3499,49.7899,NEUTRAL,319.6
2026-09-24,PMHPL,HYDROPOWER,NEUTRAL,34.389,46.0834,81.0924,NEUTRAL,309
2026-09-24,PMLI,LIFEINSU,NEUTRAL,53.2759,55.8373,41.3866,NEUTRAL,423
2026-09-24,PPCL,HYDROPOWER,NEUTRAL,43.9005,39.6158,48.1092,NEUTRAL,335
2026-09-24,PPL,HYDROPOWER,NEUTRAL,48.996,62.1999,76.4706,NEUTRAL,324.9
2026-09-24,PROFL,FINANCE,NEUTRAL,31.6948,25.06,56.0924,NEUTRAL,391
2026-09-24,PRVU,BANKING,SETUP,70.1054,65.9664,25.8403,NEUTRAL,187.3
2026-09-24,PURE,OTHERS,HIGH_RISK,29.4267,37.7251,92.2269,NEUTRAL,817
2026-09-24,RADHI,HYDROPOWER,SETUP,66.1891,62.2299,33.8235,NEUTRAL,721.7
2026-09-24,RAWA,HYDROPOWER,NEUTRAL,41.5142,42.8872,65.1261,NEUTRAL,416
2026-09-24,RFPL,HYDROPOWER,WATCH,57.876,54.5618,35.7143,NEUTRAL,336
2026-09-24,RHGCL,HYDROPOWER,NEUTRAL,32.5388,38.0852,80.8824,NEUTRAL,262.8
2026-09-24,RHPL,HYDROPOWER,HIGH_RISK,22.7138,24.0246,95.1681,NEUTRAL,172
2026-09-24,RIDI,HYDROPOWER,WATCH,61.7319,58.3133,42.6471,NEUTRAL,343
2026-09-24,RLEL,HYDROPOWER,HIGH_RISK,28.363,32.8782,90.3361,NEUTRAL,752.1
2026-09-24,RLFL,FINANCE,NEUTRAL,50.4525,54.1867,55.042,NEUTRAL,424
2026-09-24,RNLI,LIFEINSU,WATCH,58.2187,56.6627,39.2857,NEUTRAL,438.1
2026-09-24,RSDC,MICROFINANCE,NEUTRAL,49.8673,38.4154,21.6387,NEUTRAL,628
2026-09-24,RSML,MANUFACTURE,NEUTRAL,49.3711,57.2329,76.2605,NEUTRAL,2754
2026-09-24,RURU,HYDROPOWER,NEUTRAL,45.2158,36.4196,34.4538,NEUTRAL,604
2026-09-24,SAGAR,MANUFACTURE,NEUTRAL,53.3116,69.6879,77.521,NEUTRAL,1608
2026-09-24,SAHAS,HYDROPOWER,STRONG_SETUP,82.4429,74.5648,8.6134,NEUTRAL,694.2
2026-09-24,SAIL,MANUFACTURE,NEUTRAL,40.1736,46.5936,83.6134,NEUTRAL,993.5
2026-09-24,SANIMA,BANKING,STRONG_SETUP,81.5117,75.5852,11.7647,NEUTRAL,368
2026-09-24,SANVI,HYDROPOWER,NEUTRAL,32.7757,24.91,59.4538,NEUTRAL,559
2026-09-24,SAPIL,MANUFACTURE,INSUFFICIENT_DATA,,,,NEUTRAL,1348.9
2026-09-24,SARBTM,MANUFACTURE,SETUP,74.2012,68.4274,14.4958,NEUTRAL,825.7
2026-09-24,SBI,BANKING,SETUP,71.7736,60.024,7.9832,NEUTRAL,404.2
2026-09-24,SBL,BANKING,STRONG_SETUP,87.9418,87.1399,13.8655,NEUTRAL,456.8
2026-09-24,SCB,BANKING,STRONG_SETUP,81.9942,77.8211,2.7311,NEUTRAL,657.2
2026-09-24,SGHC,HYDROPOWER,NEUTRAL,46.3952,46.1435,55.8824,NEUTRAL,298
2026-09-24,SGHL,HYDROPOWER,INSUFFICIENT_DATA,,,,NEUTRAL,486.5
2026-09-24,SHEL,HYDROPOWER,SETUP,75.0315,72.389,21.6387,NEUTRAL,302.3
2026-09-24,SHIVM,MANUFACTURE,STRONG_SETUP,79.0305,77.536,26.0504,NEUTRAL,702
2026-09-24,SHL,HOTELS,STRONG_SETUP,87.324,86.2695,7.3529,NEUTRAL,518
2026-09-24,SHLB,MICROFINANCE,AVOID,31.3689,36.9298,68.2773,NEUTRAL,1312
2026-09-24,SHPC,HYDROPOWER,SETUP,76.3465,74.0096,25,NEUTRAL,534.5
2026-09-24,SIFC,FINANCE,NEUTRAL,51.127,38.6405,20.7983,NEUTRAL,480.3
2026-09-24,SIKLES,HYDROPOWER,SETUP,68.8509,65.3211,20.5882,NEUTRAL,574
2026-09-24,SIPD,HYDROPOWER,INSUFFICIENT_DATA,,,,NEUTRAL,569.9
2026-09-24,SJCL,HYDROPOWER,NEUTRAL,30.3236,35.3541,82.563,NEUTRAL,247.9
2026-09-24,SJLIC,LIFEINSU,WATCH,60.7402,53.4814,22.6891,NEUTRAL,415
2026-09-24,SKBBL,MICROFINANCE,STRONG_SETUP,80.2541,75.4352,1.6807,NEUTRAL,767.9
2026-09-24,SKHEL,HYDROPOWER,AVOID,27.2517,33.7185,81.3025,NEUTRAL,845
2026-09-24,SKHL,HYDROPOWER,NEUTRAL,36.509,41.4466,77.3109,NEUTRAL,744
2026-09-24,SLBBL,MICROFINANCE,SETUP,65.6169,59.2137,16.5966,NEUTRAL,822
2026-09-24,SLBSL,MICROFINANCE,AVOID,26.3563,22.7791,61.5546,NEUTRAL,917
2026-09-24,SMATA,MICROFINANCE,NEUTRAL,54.2385,50.6303,26.2605,NEUTRAL,700
2026-09-24,SMB,MICROFINANCE,WATCH,59.748,60.3241,28.7815,NEUTRAL,1864
2026-09-24,SMFBS,MICROFINANCE,AVOID,18.9397,21.0384,81.0924,NEUTRAL,1395
2026-09-24,SMH,HYDROPOWER,NEUTRAL,49.2406,40.6963,34.8739,NEUTRAL,518
2026-09-24,SMHL,HYDROPOWER,STRONG_SETUP,81.9081,83.0132,23.1092,NEUTRAL,470
2026-09-24,SMJC,HYDROPOWER,NEUTRAL,39.9241,42.617,64.4958,NEUTRAL,412
2026-09-24,SMPDA,MICROFINANCE,NEUTRAL,52.1154,40.8013,16.1765,NEUTRAL,750
2026-09-24,SNLI,LIFEINSU,WATCH,58.3762,66.7767,55.042,NEUTRAL,421
2026-09-24,SNORL,HYDROPOWER,INSUFFICIENT_DATA,,,,NEUTRAL,899
2026-09-24,SOHL,HYDROPOWER,SETUP,67.7561,72.524,47.8992,NEUTRAL,645
2026-09-24,SONA,MANUFACTURE,NEUTRAL,54.5213,58.1783,60.7143,NEUTRAL,434.9
2026-09-24,SOPL,MANUFACTURE,INSUFFICIENT_DATA,,,,NEUTRAL,735
2026-09-24,SPC,HYDROPOWER,AVOID,23.8277,22.8691,75.8403,NEUTRAL,397.1
2026-09-24,SPDL,HYDROPOWER,NEUTRAL,46.246,47.524,60.7143,NEUTRAL,358.9
2026-09-24,SPHL,HYDROPOWER,AVOID,29.0896,37.7401,88.4454,NEUTRAL,512
2026-09-24,SPL,HYDROPOWER,HIGH_RISK,14.1994,17.0318,91.5966,NEUTRAL,595
2026-09-24,SRLI,LIFEINSU,WATCH,58.7701,51.8307,27.9412,NEUTRAL,373.8
2026-09-24,SSHL,HYDROPOWER,NEUTRAL,52.2311,60.8493,74.1597,NEUTRAL,207.1
2026-09-24,STC,TRADING,STRONG_SETUP,81.021,84.0486,15.9664,NEUTRAL,5563
2026-09-24,SWASTIK,MICROFINANCE,NEUTRAL,33.8794,24.1297,42.6471,NEUTRAL,1815.1
2026-09-24,SWBBL,MICROFINANCE,SETUP,70.2165,63.2803,9.2437,NEUTRAL,703.3
2026-09-24,SWMF,MICROFINANCE,WATCH,56.9796,54.6369,28.7815,NEUTRAL,617
2026-09-24,SYPNL,MANUFACTURE,NEUTRAL,53.8235,59.889,68.2773,NEUTRAL,1319.8
2026-09-24,TAMOR,HYDROPOWER,STRONG_SETUP,80.4981,89.2707,40.5462,NEUTRAL,533.8
2026-09-24,TPC,HYDROPOWER,SETUP,66.0535,71.9838,39.4958,NEUTRAL,365
2026-09-24,TPKHL,HYDROPOWER,INSUFFICIENT_DATA,,,,NEUTRAL,500
2026-09-24,TRH,HOTELS,SETUP,66.9788,77.461,46.4286,NEUTRAL,813.9
2026-09-24,TSHL,HYDROPOWER,AVOID,20.5566,19.0426,77.1008,NEUTRAL,359.9
2026-09-24,TTL,OTHERS,NEUTRAL,50.3814,35.8193,23.1092,NEUTRAL,692.1
2026-09-24,TVCL,HYDROPOWER,HIGH_RISK,10.0413,9.1612,97.0588,NEUTRAL,305
2026-09-24,UHEWA,HYDROPOWER,HIGH_RISK,42.1314,54.3517,90.9664,NEUTRAL,587
2026-09-24,ULBSL,MICROFINANCE,HIGH_RISK,22.1406,31.9028,98.7395,NEUTRAL,2552
2026-09-24,ULHC,HYDROPOWER,HIGH_RISK,19.2554,24.5798,96.4286,NEUTRAL,339
2026-09-24,UMHL,HYDROPOWER,WATCH,58.6992,48.5144,30.6723,NEUTRAL,559
2026-09-24,UMRH,HYDROPOWER,NEUTRAL,50.186,34.6038,17.0168,NEUTRAL,518
2026-09-24,UNHPL,HYDROPOWER,NEUTRAL,40.8456,30.7323,46.6387,NEUTRAL,359
2026-09-24,UNL,MANUFACTURE,AVOID,63.4688,54.4118,5.8824,NEUTRAL,47999
2026-09-24,UNLB,MICROFINANCE,AVOID,41.443,42.377,48.5294,NEUTRAL,1255.9
2026-09-24,UPCL,HYDROPOWER,NEUTRAL,52.0905,53.4364,55.6723,NEUTRAL,336
2026-09-24,UPPER,HYDROPOWER,SETUP,64.1923,62.3649,36.5546,NEUTRAL,193.3
2026-09-24,USHEC,HYDROPOWER,WATCH,61.2445,53.2413,21.2185,NEUTRAL,502
2026-09-24,USHL,HYDROPOWER,AVOID,25.7882,21.0684,61.9748,NEUTRAL,515
2026-09-24,USLB,MICROFINANCE,AVOID,29.5736,31.7527,72.8992,NEUTRAL,1144
2026-09-24,VLBS,MICROFINANCE,NEUTRAL,36.8513,20.3331,29.8319,NEUTRAL,624.2
2026-09-24,VLUCL,HYDROPOWER,AVOID,27.4583,28.2713,70.5882,NEUTRAL,389.9
2026-09-24,YMHL,HYDROPOWER,INSUFFICIENT_DATA,,,,NEUTRAL,557
