date,open,high,low,close,pct_change,turnover,volume,trades,week_52_high,week_52_low
2025-09-23,2631.15,2682.28,2630.97,2682.25,2.23,5234563705.7,10431361,66102,3002.07,2464.4
2025-09-24,2683.45,2689.67,2645.3,2654.35,-1.03,4036281887.1,8019937,46887,3002.07,2464.4
2025-09-25,2653.83,2661.42,2637.37,2652,-0.08,3193620994,6318007,36596,3002.07,2464.4
2025-09-28,2655.85,2671.68,2647.96,2663.51,0.43,2726984529.8,5640482,39074,3002.07,2464.4
2025-10-07,2662.5,2664.99,2596.04,2604.96,-2.19,4521305873.9,9353579,54185,3002.07,2464.4
2025-10-08,2610.27,2610.31,2535.3,2559.59,-1.74,5514537512.7,11657473,62106,3002.07,2511.91
2025-10-09,2585.72,2677.09,2575.51,2582.18,0.88,5171356699.6,10642611,54880,3002.07,2511.91
2025-10-12,2583.97,2584.24,2493.16,2503.35,-3.05,6603411270.4,13061249,65746,3002.07,2503.35
2025-10-13,2521,2547.81,2478.39,2547.6,1.76,4601778827.8,8721518,47655,3002.07,2503.35
2025-10-14,2547.76,2553.57,2523.58,2528.16,-0.76,3242074694.4,6035663,37714,3002.07,2503.35
2025-10-15,2527.92,2528.59,2498.87,2505.58,-0.89,3006821990.1,6045639,34820,3002.07,2503.35
2025-10-16,2505.72,2522.59,2478.56,2487.17,-0.73,3223890409.3,6659891,35684,3002.07,2487.17
2025-10-19,2489.07,2507.12,2482.94,2503.85,0.67,2682347784,5123153,28051,3002.07,2487.17
2025-10-26,2503.44,2509.08,2469.37,2509.04,0.2,2364483473.8,4447342,27298,3002.07,2487.17
2025-10-28,2506.95,2576.41,2503.98,2571.34,2.48,4495606584.9,8590966,46130,3002.07,2487.17
2025-10-29,2570.58,2602.98,2557.74,2566.16,-0.2,5371988800.8,10615010,49504,3002.07,2487.17
2025-10-30,2568.4,2605.5,2548.39,2600.38,1.33,5586251086.9,10634737,52029,3002.07,2487.17
2025-11-02,2614.18,2638.12,2593.67,2631.14,1.18,7279297270.9,14356180,66887,3002.07,2487.17
2025-11-03,2629.66,2650.61,2610.96,2622.89,-0.31,5946905088.9,11228460,53535,3002.07,2487.17
2025-11-04,2623.76,2627.56,2587.28,2595.24,-1.05,5071781060.2,9689225,46076,3002.07,2487.17
2025-11-05,2596.99,2612.53,2576.83,2607.42,0.46,4617436691.2,8747672,42165,3002.07,2487.17
2025-11-06,2609.72,2622.44,2589.63,2596.12,-0.43,5319519016.8,9996024,49612,3002.07,2487.17
2025-11-09,2598.39,2599.27,2560.92,2566.09,-1.15,4551951842.3,8674487,46395,3002.07,2487.17
2025-11-10,2570.66,2576.85,2544.1,2561.94,-0.16,4021291340.7,7596557,39864,3002.07,2487.17
2025-11-11,2563.87,2569.99,2548.01,2565.16,0.12,3575526324.9,7227153,54754,3002.07,2487.17
2025-11-12,2565.77,2569.52,2540.24,2544.59,-0.8,3776012599.2,7085840,65826,3002.07,2487.17
2025-11-13,2538.62,2559.01,2530.32,2545.73,0.04,3431998645.33,6967182,49748,3002.07,2487.17
2025-11-16,2550.18,2550.18,2533.03,2540.57,-0.2,3417463261.2,6776808,46200,3002.07,2487.17
2025-11-17,2543.88,2555.32,2534.97,2550.36,0.38,3886900506.7,7911751,60778,3002.07,2487.17
2025-11-18,2549.19,2579.12,2547.42,2566.07,0.61,4024126686.1,8538532,54160,3002.07,2487.17
2025-11-19,2570.92,2580.09,2550.62,2561.08,-0.19,3732575860.6,7557874,49829,3002.07,2487.17
2025-11-20,2559.88,2563.92,2549.82,2560.29,-0.03,4656308025.34,9498003,65320,3002.07,2487.17
2025-11-23,2562.34,2600.93,2562.34,2600.22,1.55,6188263420.5,12367364,74903,3002.07,2487.17
2025-11-24,2601.2,2650.66,2601.11,2650.66,1.94,6972734915.8,13159632,78701,3002.07,2487.17
2025-11-25,2654.28,2658.19,2635.55,2655.99,0.2,5768792237.7,11390446,101732,3002.07,2487.17
2025-11-26,2661.7,2671.91,2647.39,2665.6,0.36,6631309084.1,12325201,90724,3002.07,2487.17
2025-11-27,2670.1,2678.29,2658.12,2676.03,0.39,6587882295.1,13700952,85046,3002.07,2487.17
2025-11-30,2674.69,2694.89,2644.13,2649.52,-0.99,6983804786.7,14630578,82985,3002.07,2487.17
2025-12-01,2648.34,2658.42,2630.66,2645.24,-0.16,4642514517.7,9322256,59559,3002.07,2487.17
2025-12-02,2640.9,2652.52,2638.17,2644.7,-0.02,4423548133.91,8969040,55146,3002.07,2487.17
2025-12-03,2647.41,2658.97,2622.88,2631.17,-0.51,5192611714.9,10002139,66486,3002.07,2487.17
2025-12-07,2629.69,2636.97,2602.95,2609.69,-0.81,5271442185.4,9786869,88728,3002.07,2487.17
2025-12-08,2609.66,2618.22,2601.38,2606.67,-0.11,4614706251.2,9109995,82297,3002.07,2487.17
2025-12-09,2607.35,2620.57,2605.6,2614.07,0.28,3709468579.7,7673701,61724,3002.07,2487.17
2025-12-10,2613.84,2618.53,2596.7,2609.03,-0.19,3689864360.4,7172659,90492,3002.07,2487.17
2025-12-11,2608.1,2611.99,2601.5,2607.37,-0.06,3461481546.2,6996880,68920,3002.07,2487.17
2025-12-14,2607.05,2614.31,2587.88,2594.87,-0.47,3684426612.01,7442384,59682,3002.07,2487.17
2025-12-15,2593.57,2602.89,2587.23,2601.61,0.25,3412389208.7,7374646,55368,3002.07,2487.17
2025-12-16,2601.81,2619.99,2600.86,2619.99,0.7,3248708351.8,6593227,54240,3002.07,2487.17
2025-12-17,2622.32,2632.81,2619.14,2625.69,0.21,3966819301.3,7856622,57249,3002.07,2487.17
2025-12-18,2629.77,2631.09,2608.89,2615.03,-0.4,4515785831.4,8694377,63083,3002.07,2487.17
2025-12-21,2614.64,2616.25,2588.73,2595.1,-0.76,4443511132.15,9111671,69369,3002.07,2487.17
2025-12-22,2595.08,2597.16,2574.84,2581.21,-0.53,3471831044.24,7197161,64346,3002.07,2487.17
2025-12-23,2579.33,2584.72,2568.94,2584.49,0.12,3397378290.2,6802327,91912,3002.07,2487.17
2025-12-24,2585.59,2593.57,2577.63,2585.87,0.05,3191978005.8,6613927,61961,3002.07,2487.17
2025-12-28,2586.81,2633.8,2586.41,2633.42,1.83,5462280321.2,11344777,88027,3002.07,2487.17
2025-12-29,2640.16,2642.67,2618.19,2622.88,-0.4,4742754662.22,9258259,68570,3002.07,2487.17
2025-12-31,2622.29,2643.64,2622.1,2633.76,0.41,5052756849.8,9851509,63006,3002.07,2487.17
2026-01-01,2634.81,2637.1,2613.5,2620.92,-0.48,4597229582,8508078,63506,3002.07,2487.17
2026-01-04,2616.86,2618.62,2604.42,2610.63,-0.39,4970063453.04,8976336,78743,3002.07,2487.17
2026-01-05,2610.64,2639.56,2609.51,2639.37,1.1,6415121595.4,11402814,83712,3002.07,2487.17
2026-01-06,2640.77,2662.66,2639.88,2649.3,0.37,7045958732.3,13159292,87143,3002.07,2487.17
2026-01-07,2650.95,2654.62,2630.86,2635.94,-0.5,5125757004.58,9210998,71378,3002.07,2487.17
2026-01-08,2633.87,2640.56,2626.88,2640.54,0.17,4880223330.6,9977083,68475,3002.07,2487.17
2026-01-12,2643.18,2651.76,2628.98,2635,-0.2,6426864294.2,11205128,77768,3002.07,2487.17
2026-01-13,2633.31,2653.66,2631.78,2639.91,0.18,6934656585.5,12829921,75937,3002.07,2487.17
2026-01-14,2636.56,2648.98,2633,2641.43,0.05,6170950716.69,11766430,71730,3002.07,2487.17
2026-01-18,2640.52,2672.73,2640.13,2672.55,1.17,8330144171.6,15141108,93711,3002.07,2487.17
2026-01-20,2678.81,2726.74,2678.81,2714.81,1.58,11716104889.5,23092651,113174,3002.07,2487.17
2026-01-21,2717.43,2728.05,2695.1,2705.38,-0.34,8784038404.4,18114299,88262,3002.07,2487.17
2026-01-22,2706.43,2714.67,2693.04,2714.61,0.34,8997731115.9,17803327,92837,3002.07,2487.17
2026-01-25,2716.27,2772.22,2715.78,2772.17,2.12,13474801688,27813113,131383,3002.07,2487.17
2026-01-26,2776.77,2788.09,2746.87,2769.09,-0.11,16176361066.7,30974767,145573,3002.07,2487.17
2026-01-27,2768.97,2782.96,2718.85,2726.51,-1.53,13925159093.3,26230108,140449,3002.07,2487.17
2026-01-28,2728.22,2735.55,2702.56,2731.59,0.18,11383082077.9,22040014,120475,3002.07,2487.17
2026-01-29,2731.85,2742.53,2710.04,2714.05,-0.64,14321844782.2,32579130,136378,3002.07,2487.17
2026-02-01,2714.76,2719.62,2688.08,2694.2,-0.73,8979055247.7,19097905,109096,3002.07,2487.17
2026-02-02,2680.43,2706.98,2679.86,2695.73,0.05,8099519959.3,15916506,89615,3002.07,2487.17
2026-02-03,2695.11,2709.89,2675.16,2683.15,-0.46,8570749944.9,17102195,91045,3002.07,2487.17
2026-02-04,2660.97,2702.9,2659.86,2681.5,-0.06,7446473460.1,14900072,79227,3002.07,2487.17
2026-02-05,2681.13,2709,2679.75,2708.7,1.01,11279660790.55,23716874,107353,3002.07,2487.17
2026-02-08,2712.33,2728.43,2695.2,2698.45,-0.37,11586626095.4,25154318,110614,3002.07,2487.17
2026-02-09,2701.6,2702.75,2665.02,2672.39,-0.96,10611224897.12,25208152,100896,3002.07,2487.17
2026-02-10,2671.08,2682.41,2655.3,2662.14,-0.38,8566812442.3,20774844,88720,3002.07,2487.17
2026-02-11,2673.96,2692.55,2656.36,2662.09,0,8532813998.8,20572418,81321,3002.07,2487.17
2026-02-12,2666.61,2681.65,2657.86,2671.07,0.33,10901797816.5,26235692,104641,3002.07,2487.17
2026-02-16,2674.53,2682.2,2657.67,2662.91,-0.3,7877497036.9,18789603,79370,3002.07,2487.17
2026-02-17,2663.57,2665.82,2636.4,2642.15,-0.77,8215053460.7,19043474,81635,3002.07,2487.17
2026-02-22,2640.66,2642.37,2610.7,2614.55,-1.04,6663439204.8,14955346,71082,3002.07,2487.17
2026-02-23,2613.4,2627.06,2608.95,2616.97,0.09,4999288694.2,10941396,55172,3002.07,2487.17
2026-02-24,2614.66,2638.64,2614.26,2638.6,0.82,4075155115.65,8117520,48198,3002.07,2487.17
2026-02-25,2637.96,2653.65,2637.79,2648.9,0.39,4369329751.3,9492422,47868,3002.07,2487.17
2026-02-26,2665.79,2666.22,2646.43,2654.93,0.22,4070052249.68,9103584,43389,3002.07,2487.17
2026-03-01,2659.31,2674.2,2626.7,2673.97,0.71,5554407352.03,12026579,54109,3002.07,2487.17
2026-03-03,2691.7,2712.6,2666.05,2712.49,1.44,6167110924.95,14429050,60362,3002.07,2487.17
2026-03-09,2757.12,2875.43,2757.12,2875.43,6,549361227.7,1062454,3992,3002.07,2487.17
2026-03-10,2911.36,2911.36,2796.13,2843.35,-1.11,21190884460.9,49823051,202279,3002.07,2487.17
2026-03-11,2852.83,2854.48,2793.39,2796.57,-1.64,12951755711,32155750,113536,3002.07,2487.17
2026-03-12,2800.05,2830.27,2781,2820.44,0.85,13937578538.17,36962553,126373,3002.07,2487.17
2026-03-15,2824.89,2839.35,2808.57,2824.9,0.15,13890053970.84,36189153,121437,3002.07,2487.17
2026-03-16,2827.34,2827.62,2792.13,2798.83,-0.92,11625390573.5,28202322,100494,3002.07,2487.17
2026-03-17,2800.74,2812.34,2787.37,2812.34,0.48,11566770125,31297411,103609,3002.07,2487.17
2026-03-19,2814.25,2882.86,2814.24,2877.03,2.3,20774575215.1,52252029,187347,3002.07,2487.17
2026-03-22,2890.97,2939.08,2890.68,2931.55,1.89,23144030246.9,55704062,200841,3002.07,2487.17
2026-03-23,2939.65,2941.53,2906.05,2936.56,0.17,15541469722.26,34447331,153607,3002.07,2487.17
2026-03-24,2943.47,2960.4,2928.34,2960.4,0.81,14307088619.9,31434256,123753,3002.07,2487.17
2026-03-25,2964.67,2969.5,2929.44,2935.94,-0.82,14786591103.59,31868508,135502,3002.07,2487.17
2026-03-26,2933.92,2951.28,2918.22,2950.16,0.48,12901045794.2,26512609,140297,3002.07,2487.17
2026-03-29,2958.78,2958.79,2872.99,2879.11,-2.4,14765529588.6,32793332,193482,3002.07,2487.17
2026-03-30,2881.97,2891.53,2821.82,2831.39,-1.65,12675050815.24,29253951,156846,3002.07,2487.17
2026-03-31,2831.36,2860.55,2788.84,2851.09,0.69,10925548074.8,25233349,135753,3002.07,2487.17
2026-04-01,2851.64,2851.65,2761.27,2776.36,-2.62,11833117311.6,27122740,121560,3002.07,2487.17
2026-04-02,2770.81,2808.96,2740.22,2782.18,0.2,8689089556.7,19969538,101577,3002.07,2487.17
2026-04-05,2778.58,2778.58,2672.5,2676.68,-3.79,12178691003.67,28657011,138992,3002.07,2487.17
2026-04-06,2674.93,2776.08,2669.7,2760.02,3.11,10746463691.2,22937508,122009,3002.07,2487.17
2026-04-07,2762.73,2794.94,2743.36,2757.4,-0.09,6602483178.6,15353208,79936,3002.07,2487.17
2026-04-08,2772.81,2802.52,2766.99,2802.52,1.63,8153020396.2,16620309,96211,3002.07,2487.17
2026-04-09,2805.18,2854.66,2797.49,2851.24,1.73,9745488025,21313852,106825,3002.07,2487.17
2026-04-10,2857.76,2866.63,2825.3,2837.78,-0.47,8906444989.49,19146497,95927,3002.07,2487.17
2026-04-13,2842.73,2849.09,2827.06,2833.6,-0.14,8600051179.1,18614074,99594,3002.07,2487.17
2026-04-15,2834.5,2879.21,2834.31,2866.87,1.17,10278495953,23289683,120378,3002.07,2487.17
2026-04-16,2868.87,2869.67,2822.68,2833.03,-1.18,9189986942.7,18993818,109729,3002.07,2487.17
2026-04-17,2835.21,2843.57,2808.02,2838.4,0.18,7387226185.3,16858733,95011,3002.07,2487.17
2026-04-20,2832.09,2846.39,2813.24,2825.23,-0.46,5360817308.3,10517481,114756,3002.07,2487.17
2026-04-21,2838.59,2838.59,2796.92,2807.12,-0.64,5656816907.3,10851798,94268,3002.07,2487.17
2026-04-22,2810.04,2818.2,2762.37,2804.17,-0.1,7701619555.01,16494985,119771,3002.07,2487.17
2026-04-23,2806.52,2817.1,2779.86,2787.15,-0.6,4992668400.83,9471489,92403,3002.07,2487.17
2026-04-24,2795.22,2795.98,2759.54,2788.7,0.05,5166570641.5,10416353,73975,3002.07,2487.17
2026-04-27,2795.21,2806.96,2789.22,2796.43,0.27,4644776465.6,8873961,79711,3002.07,2487.17
2026-04-28,2799.56,2812.29,2765.18,2770.26,-0.93,6408888318.6,12055195,149898,3002.07,2487.17
2026-04-29,2771.25,2774.16,2734.33,2744.45,-0.93,4842685600.2,9570202,102623,3002.07,2487.17
2026-04-30,2740.05,2745.55,2708.34,2738.72,-0.2,4824269625.4,10038697,79033,3002.07,2487.17
2026-05-04,2739.04,2742.58,2697.14,2704.08,-1.26,4166424101.2,8655353,67461,3002.07,2487.17
2026-05-05,2701.22,2726.18,2684.62,2712.86,0.32,3389754041.8,7154984,60976,3002.07,2487.17
2026-05-06,2718.07,2724.27,2705.55,2711.22,-0.06,3155237499.4,6448389,46836,3002.07,2487.17
2026-05-07,2708,2718.16,2700.97,2718.16,0.25,2877725006.8,5967086,44212,3002.07,2487.17
2026-05-08,2719.64,2745.79,2717.96,2745.65,1.01,3235825835.4,6453546,51903,3002.07,2487.17
2026-05-11,2747.2,2783.99,2747.18,2783.85,1.39,4539167963.5,9441022,67128,3002.07,2487.17
2026-05-12,2788.89,2802.84,2741.17,2744.4,-1.41,4614616127.7,9766207,61385,3002.07,2487.17
2026-05-13,2746.96,2747.84,2720.41,2740.25,-0.15,2784671439.71,5336226,41300,3002.07,2487.17
2026-05-14,2743.25,2743.25,2717.45,2730.17,-0.36,3238872508.5,6105936,45397,3002.07,2487.17
2026-05-15,2726.98,2744.05,2724.88,2731.94,0.06,3038122459.6,6469042,42696,3002.07,2487.17
2026-05-18,2737.46,2741.2,2722.67,2730.91,-0.03,2420609988,5204245,42394,3002.07,2487.17
2026-05-19,2726.7,2734.73,2719.27,2724.39,-0.23,2909402198.3,6096557,44706,3002.07,2487.17
2026-05-20,2721.72,2756.11,2720.75,2754.48,1.1,3714812521.28,7854979,51302,3002.07,2487.17
2026-05-21,2762.17,2764.14,2734.21,2742.11,-0.44,3714803597.3,8062460,43863,3002.07,2487.17
2026-05-22,2742.45,2758.49,2736.15,2758.49,0.59,4462172966.55,9599715,53632,3002.07,2487.17
2026-05-25,2752.94,2790.34,2752.46,2786.35,1,5872108284.8,12771267,74447,3002.07,2487.17
2026-05-26,2784.11,2791.85,2767.18,2777.1,-0.33,4602014250.76,10015882,51679,3002.07,2487.17
2026-05-27,2777.71,2785.33,2766.78,2782.1,0.17,5902725873.3,13198475,59387,3002.07,2487.17
2026-06-01,2782.39,2789.56,2745.2,2755.37,-0.96,5312630127.62,10991298,62518,3002.07,2487.17
2026-06-02,2758.07,2778.28,2745.66,2777.58,0.8,5151151954.8,10207118,60383,3002.07,2487.17
2026-06-03,2780.21,2799.15,2768.82,2780.25,0.09,5331145973.4,10884910,60954,3002.07,2487.17
2026-06-04,2783.48,2786.5,2762.74,2766.78,-0.48,4219810870.41,8577170,50509,3002.07,2487.17
2026-06-05,2759.84,2769.32,2749.26,2755.41,-0.41,5058206329.52,10419280,54330,3002.07,2487.17
2026-06-08,2749.31,2754.58,2726.38,2735.14,-0.73,3749852702.4,7804473,55685,3002.07,2487.17
2026-06-09,2739.7,2741.31,2701.86,2733.59,-0.05,4966471966.1,10333349,62670,3002.07,2487.17
2026-06-10,2722.8,2744.18,2722.66,2736.17,0.09,3765685525.3,7478742,48279,3002.07,2487.17
2026-06-11,2736.85,2740.61,2722.42,2728.03,-0.29,3733462365.19,7425357,57480,3002.07,2487.17
2026-06-12,2731.53,2733.31,2717.69,2724.03,-0.14,3867399863.38,8105615,53199,3002.07,2487.17
2026-06-15,2720.43,2729.59,2705.03,2711.76,-0.45,3986266672.01,8419237,50810,3002.07,2487.17
2026-06-16,2722.51,2722.81,2701.56,2705.45,-0.23,3658520492.4,7565707,47017,3002.07,2487.17
2026-06-17,2699.06,2714.67,2696.81,2705.53,0,3459196232.9,7133511,43545,3002.07,2487.17
2026-06-18,2698.34,2709.79,2692.76,2700.47,-0.18,3304501197.3,6741995,40282,3002.07,2487.17
2026-06-19,2711.46,2712.45,2691.86,2702.11,0.06,3235614367.2,6392788,60224,3002.07,2487.17
2026-06-22,2709.29,2719.16,2694.19,2700.65,-0.05,3922716889.2,6931475,89776,3002.07,2487.17
2026-06-23,2696.76,2700.01,2669.25,2674.48,-0.96,4173265531.6,8578904,71604,3002.07,2487.17
2026-06-24,2668.56,2678.29,2633.93,2660.02,-0.54,4313056091,9151584,72017,3002.07,2487.17
2026-06-25,2656.29,2663.47,2643.59,2651.52,-0.31,2804127584.1,5777839,45940,3002.07,2487.17
2026-06-26,2649.76,2662.44,2640.26,2649.51,-0.07,2776872204.55,5699529,38723,3002.07,2487.17
2026-06-29,2643.81,2649.11,2623.93,2632.96,-0.62,2586471231.79,5583081,44032,3002.07,2487.17
2026-06-30,2631.55,2638.17,2603.44,2608.33,-0.93,3073381999.81,6586013,78356,3002.07,2487.17
2026-07-01,2606.86,2654.02,2602.39,2652.93,1.7,3572011213.65,8046763,55945,3002.07,2487.17
2026-07-02,2659.58,2662.01,2625.46,2661.71,0.33,3083306400.55,7271614,42238,3002.07,2487.17
2026-07-03,2673.14,2673.14,2646.78,2653.4,-0.31,3259668544.3,6923791,44439,3002.07,2487.17
2026-07-06,2658.63,2661.46,2623.25,2627.11,-0.99,2761575427.59,5679002,45227,3002.07,2487.17
2026-07-07,2620.54,2651.86,2619.68,2651.68,0.93,3424779386.7,7381290,70634,3002.07,2487.17
2026-07-08,2646.68,2649.56,2610.33,2621.59,-1.13,2710972473.6,5792876,75280,3002.07,2487.17
2026-07-09,2619.77,2620.87,2595.76,2601.92,-0.75,2866817524.7,5952032,55333,3002.07,2487.17
2026-07-10,2596.6,2623.24,2592.67,2600.78,-0.04,3081394259.4,6493670,49702,3002.07,2487.17
2026-07-13,2599.65,2607.04,2566.27,2570.18,-1.17,3435393232.5,7449701,49945,3002.07,2487.17
2026-07-14,2569.2,2584.3,2546.69,2576.29,0.23,3555949490.61,8103859,52427,3002.07,2487.17
2026-07-15,2577.23,2601.99,2576.61,2590.29,0.54,2784931186.9,5940883,37920,3002.07,2487.17
2026-07-16,2605.26,2606.89,2581.09,2597.8,0.28,3491525532.8,7644661,38721,3002.07,2487.17
2026-07-17,2599.42,2677.64,2598.24,2677.54,3.06,4537381622.2,9891406,57403,3002.07,2487.17
2026-07-20,2661.97,2719.28,2659.53,2719.24,1.55,5445373685.9,11339512,66258,3002.07,2487.17
2026-07-21,2719.38,2754.08,2704.96,2726.49,0.26,6471635168.1,13483585,74085,3002.07,2487.17
2026-07-22,2719.81,2722.58,2694.54,2712.54,-0.51,5145771935.45,10323928,55294,3002.07,2487.17
2026-07-23,2695.63,2726.77,2689.3,2726.72,0.52,4641435105.3,9026032,57111,3002.07,2487.17
2026-07-24,2719.74,2747.23,2715.51,2734.6,0.28,6148469458.85,12849127,69381,3002.07,2487.17
2026-07-27,2716.41,2744.89,2693.03,2701.32,-1.21,5811033101.2,12948232,68972,3002.07,2487.17
2026-07-28,2704.76,2705.83,2680.87,2696.67,-0.17,4379490102.54,9442501,54869,3002.07,2487.17
2026-07-29,2698.54,2706.85,2681.15,2688.88,-0.28,3970728636.1,8620971,47320,3002.07,2487.17
2026-07-30,2661.13,2695.86,2657.63,2672.58,-0.6,3354371852.5,6918623,44046,2960.4,2487.17
2026-07-31,2665.81,2692.23,2653.23,2685.54,0.48,3680578912.79,7971199,46273,2960.4,2487.17
2026-08-03,2659.11,2705.46,2658.08,2684.33,-0.04,4521016076.2,9217959,62854,2960.4,2487.17
2026-08-04,2685.41,2687.17,2659.8,2663.18,-0.78,3971563599.87,9363582,51531,2960.4,2487.17
2026-08-05,2666.95,2673.12,2652.91,2667.97,0.18,4372757985.39,9310855,60616,2960.4,2487.17
2026-08-06,2666.12,2678.22,2647.72,2654.15,-0.51,4571655650.45,10113599,59451,2960.4,2487.17
2026-08-07,2652.91,2657.44,2641.93,2650.09,-0.15,3659936161.11,8131107,46013,2960.4,2487.17
2026-08-10,2651.46,2653.95,2636.28,2641.06,-0.34,3599232616.8,7465188,52382,2960.4,2487.17
2026-08-11,2629.78,2656.21,2629.76,2641.85,0.03,4078431137.6,8602491,51167,2960.4,2487.17
2026-08-12,2641.27,2648.57,2629.22,2642.4,0.02,3497540517.2,7186487,43157,2960.4,2487.17
2026-08-13,2642.64,2656.54,2636.93,2651.21,0.33,3690070387.89,8977482,44990,2960.4,2487.17
2026-08-14,2649.11,2653.48,2638.64,2643.83,-0.27,3544682057.11,8417649,42371,2960.4,2487.17
2026-08-17,2641.83,2648.57,2633.37,2641.82,-0.07,5487739216,9944492,55963,2960.4,2487.17
2026-08-18,2644.41,2646.86,2616.17,2622.48,-0.73,4483257735.55,9885200,54109,2960.4,2487.17
2026-08-19,2622.84,2627.11,2609.84,2622.22,0,3260119720,7380328,41899,2960.4,2487.17
2026-08-20,2622.97,2629.56,2608.38,2629.4,0.27,3866106334.79,7909323,47215,2960.4,2487.17
2026-08-21,2626.01,2631.28,2614.04,2618.72,-0.4,4126918334.08,8634151,59056,2960.4,2487.17
2026-08-24,2618.61,2620.13,2593.31,2599.58,-0.73,3203545856.4,7028532,52319,2960.4,2487.17
2026-08-25,2598.49,2608.73,2588.11,2594.27,-0.2,4083299567.6,8980263,45704,2960.4,2487.17
2026-08-26,2591.32,2592.12,2546.94,2558.35,-1.38,4693373201.62,11568032,60740,2960.4,2487.17
2026-08-27,2553.99,2566.78,2517.79,2557.31,-0.04,3748414402.6,9071117,51948,2960.4,2487.17
2026-08-31,2555.06,2556.96,2508.49,2513.42,-1.71,3615744873.7,8122613,67292,2960.4,2487.17
2026-09-01,2518.13,2537.76,2501.49,2522.66,0.36,2883784596.3,6703817,47587,2960.4,2487.17
2026-09-02,2524.22,2538.18,2513.35,2538.11,0.61,2922882660.4,6690735,39088,2960.4,2487.17
2026-09-03,2536.98,2545.04,2533.28,2542.77,0.18,3395416485.5,6991242,39884,2960.4,2487.17
2026-09-07,2558.37,2566.31,2542.3,2560.84,0.71,3791544571.6,8014420,50077,2960.4,2487.17
2026-09-09,2577.05,2578.43,2543.22,2545.4,-0.6,4133330483.3,8045178,49803,2960.4,2487.17
2026-09-10,2544.46,2546.1,2525.69,2531.55,-0.54,3971171907.8,9687775,43291,2960.4,2487.17
2026-09-11,2529.77,2559.49,2524.55,2559.49,1.1,4263457623.04,10765179,48063,2960.4,2487.17
2026-09-14,2559.78,2587.47,2556.9,2585.04,0.99,4648331513.1,10666631,48321,2960.4,2487.17
2026-09-15,2671.09,2679.9,2610.45,2633.62,1.87,8211964784.1,19175780,77586,2960.4,2487.17
2026-09-16,2635.31,2639.41,2604.04,2612.42,-0.8,5325041640.9,13140879,54924,2960.4,2487.17
2026-09-17,2616.12,2637.58,2615.69,2624.36,0.45,5429381297.59,12597258,50929,2960.4,2487.17
2026-09-18,2626.83,2647.48,2614.12,2647.22,0.87,6650816487.2,17201183,63155,2960.4,2487.17
2026-09-22,2650.77,2662.71,2637.57,2654.28,0.26,6980162833.3,16844207,69564,2960.4,2487.17
2026-09-23,2670.27,2671.04,2613.13,2618.03,-1.36,6165567507.26,14430993,56890,2960.4,2487.17
2026-09-24,2611.03,2629.94,2605.32,2629.81,0.44,5216090156.6,11491417,50789,2960.4,2487.17
