date,symbol,prev_close,adjusted_price,factor,reason,alert_id
2022-01-18,PIC,1213,1061.71,0.8753,14.25% Bonus Share,206545
2022-02-03,SICL,1986,1550.77,0.7809,30% Right Share,206555
2022-02-06,JFL,677.1,588.78,0.8696,15% Bonus Shares,206556
2022-02-06,JLI,715,650,0.9091,10% Bonus Shares,206557
2022-02-06,LICN,2332,1943.33,0.8333,20% Bonus Shares,206558
2022-02-10,IGI,1107,819.29,0.7401,40% Right Shares,206562
2022-02-24,NHPC,415,350.14,0.8437,18.525% Bonus Shares,206597
2022-02-27,HGI,730,684.48,0.9376,6.65% Bonus Shares,206602
2022-03-04,NLICL,1020,857.14,0.8403,19% Bonus Shares,206609
2022-03-14,NIL,1200,1043.48,0.8696,15% Bonus Shares,206617
2022-03-16,GBBL,558,481.03,0.8621,16% Bonus Shares,206619
2022-03-16,NLG,879,799.09,0.9091,10% Bonus Shares,206620
2022-03-20,NLIC,1237,1085.09,0.8772,14% Bonus Shares,206628
2022-03-24,JBLB,5100,3000,0.5882,70% Bonus Shares,206641
2022-03-24,NTC,1465,1220.83,0.8333,20% Bonus Shares,206639
2022-03-27,API,466.9,363.27,0.778,39.3632926% Right Shares,206651
2022-03-28,STC,5152,4683.64,0.9091,10% Bonus Shares,206654
2022-03-30,ACLBSL,1336,1116.86,0.836,19.6206318% Bonus Shares,206662
2022-03-30,PRIN,825,743.24,0.9009,11% Bonus Shares,206661
2022-03-30,SIL,1025,891.3,0.8696,15% Bonus Shares,206663
2022-04-05,NSLB,1278.2,1074.12,0.8403,19% Bonus Shares,206670
2022-04-06,PICL,645,602.8,0.9346,7% Bonus Shares,206672
2022-04-07,IGI,645,602.8,0.9346,7% Bonus Shares,206675
2022-04-24,EIC,577,544.34,0.9434,6% Bonus Shares,206691
2022-04-28,SIC,1295,1079.17,0.8333,20% Bonus Shares,206696
2022-05-02,NFS,459,311.18,0.678,70% Right Shares,206700
2022-05-30,NICL,590,531.53,0.9009,11% Bonus Shares,206734
2022-05-31,WNLB,1080,987.83,0.9147,9.33% Bonus Shares,206738
2022-06-02,KLBSL,1210,1008.33,0.8333,20% Bonus Shares,206743
2022-06-21,SLI,367,352.21,0.9597,4.20% bonus shares,206763
2022-06-28,LGIL,412,376.26,0.9133,9.50% Bonus Shares,206774
2022-07-03,NGPL,509,263.6,0.5179,150% Right Shares,206782
2022-07-11,EDBL,348,320.74,0.9217,8.50% Bonus Shares,206787
2022-07-17,BARUN,443,271.5,0.6129,100% Right Shares,206805
2022-08-09,CIT,2879,2214.62,0.7692,30% bonus shares,206840
2022-08-15,NMBHF1,11.89,9.78,0.8225,21.05263% Cash Bonus,206852
2022-08-22,SIGS2,9.83,8.83,0.8983,10% cash dividend (return),206861
2022-08-26,RADHI,549,281.4,0.5126,147.52% right shares,206864
2022-09-02,NRIC,695,661.9,0.9524,5% bonus shares,206874
2022-09-13,SFMF,11.5,10.3,0.8957,12% cash dividend,206882
2022-09-18,ALICL,540,471.62,0.8734,14.50%,206887
2022-09-22,SAEF,12.39,10.19,0.8224,22% cash dividend,206889
2022-09-29,NLO,284.2,227.36,0.8,25% Bonus Shares,206896
2022-10-11,GLICL,485,451.4,0.9307,7.4425% Bonus Shares,206898
2022-10-12,RURU,827,751.82,0.9091,10% Bonus Shares,206904
2022-10-31,NCCB,184,178.01,0.9674,3.3663% bonus shares,206913
2022-10-31,NICBF,10.08,8.78,0.871,13% cash dividend,206914
2022-10-31,NICGF,10.55,9.25,0.8768,13% cash dividend,206915
2022-11-03,AKPL,399,362.73,0.9091,10% bonus shares,206920
2022-11-22,GBIME,251.4,244.08,0.9709,3% bonus shares,206939
2022-11-24,BOKL,227.1,214.25,0.9434,6% bonus shares,206948
2022-11-24,NLICL,599.8,521.57,0.8696,15% bonus shares,206946
2022-11-28,EBL,539.9,477.79,0.885,13% bonus shares,206954
2022-12-04,SANIMA,271.9,247.18,0.9091,10% bonus shares,206964
2022-12-06,NIB,251.8,242.12,0.9616,4% Bonus Shares,206970
2022-12-07,MEGA,212.8,204.62,0.9616,4% Bonus Shares,206974
2022-12-15,CHCL,390,362.79,0.9302,7.50% Bonus Shares,206986
2022-12-15,PRVU,201.9,189.58,0.939,6.5% Bonus Shares,206985
2022-12-18,CCBL,185,176.61,0.9546,4.75% Bonus Shares,206990
2022-12-21,SHL,226,215.24,0.9524,5% bonus shares,206996
2022-12-22,GBBL,374,330.97,0.8849,13% Bonus Shares,207000
2022-12-22,NICL,419,387.96,0.9259,8% Bonus Shares,207001
2022-12-22,PLIC,569,503.54,0.885,13% Bonus Shares,207003
2022-12-23,NHDL,317.2,302.1,0.9524,5% bonus shares,207008
2022-12-26,SHINE,344,303.62,0.8826,13.30% Bonus Shares,207014
2022-12-27,BHDC,384,365.71,0.9524,5% Bonus Shares,207019
2022-12-27,LBBL,347,336.89,0.9709,3% Bonus Shares,207020
2022-12-27,RADHI,222,211.93,0.9546,4.75% Bonus Shares,207021
2022-12-27,SBI,296.4,287.77,0.9709,3% Bonus Shares,207023
2022-12-27,SBL,339,301.33,0.8889,12.50% Bonus Shares,207024
2022-12-28,HIDCL,186,177.14,0.9524,5% Bonus Shares,207034
2022-12-28,MDB,410,364.93,0.8901,12.35% Bonus Shares,207031
2022-12-28,NBL,286.5,280.88,0.9804,2% Bonus Shares,207035
2022-12-28,PCBL,228.9,220.1,0.9616,4% Bonus Shares,207036
2022-12-29,FMDBL,762.9,641.09,0.8403,19% Bonus Shares,207041
2022-12-29,FOWAD,2380,1904,0.8,25% Bonus Shares,207042
2022-12-29,KPCL,385.4,335.13,0.8696,15% Bonus Shares,207044
2022-12-29,RSDC,567.9,525.83,0.9259,8% Bonus Shares,207045
2022-12-29,UIC,402,382.86,0.9524,5% Bonus Shares,207046
2023-01-01,BPCL,338.5,322.38,0.9524,5% Bonus Shares,207052
2023-01-01,HBL,365.1,338.06,0.9259,8% Bonus Shares,207053
2023-01-01,MLBL,347,333.65,0.9615,4% Bonus Shares,207054
2023-01-01,NABIL,854.5,721.1,0.8439,18.50% Bonus Shares,207055
2023-01-01,SIL,644.9,591.65,0.9174,9% Bonus Shares,207056
2023-01-02,CBL,250,238.1,0.9524,5% Bonus Shares,207069
2023-01-02,CYCL,2508,1929.23,0.7692,30% Bonus Shares,207065
2023-01-02,ICFC,468,445.71,0.9524,5% Bonus Shares,207066
2023-01-02,PFL,388,373.08,0.9615,4% Bonus Shares,207067
2023-01-02,SIFC,337,329.1,0.9766,2.40% Bonus Shares,207068
2023-01-03,GLBSL,832.2,800.19,0.9615,4% Bonus Shares,207075
2023-01-03,HDL,4030,2518.75,0.625,60% Bonus Shares,207076
2023-01-03,MMFDB,1010.3,821.38,0.813,23% Bonus Shares,207077
2023-01-03,MNBBL,476,419.38,0.8811,13.50% Bonus Shares,207078
2023-01-03,SDLBSL,1076,904.2,0.8403,19% Bonus Shares,207079
2023-01-05,MERO,943.9,858.09,0.9091,10% Bonus Shares,207088
2023-01-05,PIC,788,689.72,0.8753,14.25% Bonus Shares,207089
2023-01-10,IGI,530.3,500.28,0.9434,6% Bonus Shares,207099
2023-01-16,AKBSL,1775.5,1365.77,0.7692,30% Bonus Shares,207105
2023-01-16,NIL,895.2,778.43,0.8696,15% Bonus Shares,207104
2023-01-29,ULI,521,478.11,0.9177,8.97% bonus shares,207123
2023-01-30,NLBBL,1010,827.87,0.8197,22% bonus shares,207131
2023-01-30,SICL,938,808.62,0.8621,16% bonus shares,207130
2023-01-31,AHPC,333,308.33,0.9259,8% bonus shares,207137
2023-01-31,RIDI,539,385,0.7143,40% bonus shares,207136
2023-02-02,GMFIL,365,342.72,0.939,6.50% bonus shares,207141
2023-02-15,API,286,266.05,0.9302,7.50% Bonus Shares,207166
2023-02-15,ULBSL,3737,2310.36,0.6182,61.75% Bonus Shares,207165
2023-02-16,MLBBL,1060,921.74,0.8696,15% Bonus Shares,207173
2023-02-16,MLBSL,4079,2765.42,0.678,47.50% Bonus Shares,207175
2023-02-20,CORBL,326,310.48,0.9524,5% Bonus Shares,207183
2023-02-20,NGPL,276,263.48,0.9546,4.75% Bonus Shares,207185
2023-02-20,SWBBL,1130,982.61,0.8696,15% Bonus Shares,207184
2023-02-23,CLBSL,749,674.77,0.9009,11% Bonus Shares,207194
2023-02-23,PRIN,555.9,520.99,0.9372,6.70% Bonus Shares,207195
2023-02-23,SABSL,840,711.86,0.8475,18% Bonus Shares,207196
2023-02-27,ADLB,1650,1375,0.8333,20% Bonus Shares,207206
2023-02-27,GILB,1003.5,895.98,0.8929,12% Bonus Shares,207207
2023-02-28,LLBS,948,824.35,0.8696,15% Bonus Shares,207215
2023-03-02,DDBL,819,744.55,0.9091,10% Bonus Shares,207221
2023-03-07,CBBL,1023,838.52,0.8197,22% Bonus Shares,207230
2023-03-09,ALBSL,860,752.5,0.875,14.2857% Bonus Shares,207235
2023-03-09,SADBL,338,311.42,0.9214,8.534% Bonus Shares,207236
2023-03-09,SKBBL,1119,888.1,0.7937,26% Bonus Shares,207238
2023-03-09,STC,4335,3940.91,0.9091,10% Bonus Shares,207237
2023-03-13,ADBL,299,293.14,0.9804,2% Bonus Shares,207249
2023-03-13,SLBBL,810,663.93,0.8197,22% Bonus Shares,207248
2023-03-14,MKLB,760,725.54,0.9547,4.75% Bonus Shares,207254
2023-03-14,RMDC,930.2,738.25,0.7936,26% Bonus Shares,207252
2023-03-14,SMATA,735.5,639.57,0.8696,15% Bonus Shares,207253
2023-03-16,HEI,420,408.76,0.9732,2.75% Bonus Shares,207264
2023-03-16,PICL,414,400.68,0.9678,3.325% Bonus Shares,207263
2023-03-16,SMFBS,1260,1050,0.8333,20% Bonus Shares,207262
2023-03-22,UMHL,271,253.27,0.9346,7% Bonus Shares,207277
2023-03-23,JSLBB,1090,947.83,0.8696,15% Bonus Shares,207279
2023-03-26,NLG,651,591.82,0.9091,10% Bonus Shares,207283
2023-03-28,NSLB,746,626.89,0.8403,19% bonus shares,207290
2023-03-29,KMCDB,785,659.66,0.8403,19% bonus shares,207296
2023-03-29,VLBS,790,658.33,0.8333,20% bonus shares,207295
2023-03-30,JBLB,1566,1370.26,0.875,14.285% bonus shares,207300
2023-03-30,NMBMF,560,509.09,0.9091,10% bonus shares,207301
2023-04-02,KLBSL,655,612.15,0.9346,7% Bonus Shares,207309
2023-04-11,MSLB,837,732.6,0.8753,14.25% bonus shares,207323
2023-04-16,NMFBS,1435,1247.83,0.8696,15% Bonus Shares,207332
2023-04-20,ALICL,618,569.59,0.9217,8.5% Bonus Shares,207334
2023-04-26,SWMF,693,602.61,0.8696,15% Bonus Shares,207344
2023-04-27,KSBBL,300.8,288.1,0.9578,4.41% Bonus Shares,207352
2023-05-09,HDHPC,189.5,151.14,0.7976,75% Right Shares,207366
2023-05-24,NLICL,649.8,601.67,0.9259,8% Bonus Shares,207396
2023-05-24,PLI,470,428.05,0.9107,9.80% Bonus Shares,207397
2023-06-04,SMFDB,931.2,819.99,0.8806,13.562753% Bonus Shares,207408
2023-06-05,JALPA,1639,1434.57,0.8753,14.25% Bonus Shares,207411
2023-06-15,NHPC,223.1,182.07,0.8161,50% Right Shares,207426
2023-06-21,NRIC,780,744.63,0.9547,4.75% Bonus Shares,207436
2023-06-28,SLBSL,1124,1021.82,0.9091,10% Bonus Shares,207443
2023-07-03,CIT,2613,2090.4,0.8,25% Bonus Shares,207448
2023-07-04,RLFL,377.6,354.55,0.939,6.50% Bonus Shares,207453
2023-07-06,API,229,192.14,0.839,40% Right Shares,207457
2023-07-09,AKPL,335.5,217.75,0.649,100% Right Shares,207461
2023-07-27,MPFL,394.8,318.37,0.8064,35% Right Shares,207484
2023-07-27,SPDL,255,203.33,0.7974,50% Right Shares,207483
2023-08-04,SAMAJ,74.9,65.56,0.8753,14.25% bonus shares,207492
2023-08-10,UPPER,386.1,243.05,0.6295,100% Right Shares,207503
2023-08-16,LUK,9.25,8.3,0.8973,9.5% cash dividend,207509
2023-09-03,KEF,9.2,8.2,0.8913,10% cash dividend,207530
2023-09-24,MBL,263.6,232.66,0.8826,13.30% bonus shares,207548
2023-09-27,NMB50,11.27,9.77,0.8669,15% cash dividend,207556
2023-09-27,NMBHF1,11.34,9.84,0.8677,15% cash dividend,207555
2023-09-27,PSF,9.25,8.3,0.8973,9.5% cash dividend,207552
2023-09-27,SAEF,11.77,9.97,0.8471,18% cash dividend,207553
2023-09-27,SFMF,11.27,9.67,0.858,16% cash dividend,207554
2023-10-02,EBL,566,514.55,0.9091,10% bonus shares,207566
2023-10-02,NICA,761.5,590.31,0.7752,29% bonus shares,207565
2023-10-08,SANIMA,269.7,247.43,0.9174,9% bonus shares,207572
2023-10-10,SHPC,327,297.27,0.9091,10% bonus shares,207576
2023-10-12,NBF2,9.34,8.38,0.8972,9.60% cash dividend,207580
2023-10-19,GHL,174.6,124.87,0.7152,200% Right Shares,207588
2023-11-07,NICBF,9.3,8.3,0.8925,10% cash dividend,207593
2023-11-07,NICGF,10,8.95,0.895,10.50% cash dividend,207594
2023-11-22,RSDC,529.7,487.75,0.9208,8.60% bonus shares,207603
2023-11-26,SADBL,295,280.95,0.9524,5% bonus shares,207608
2023-11-26,SHINE,390,352.94,0.905,10.50% bonus shares,207609
2023-11-28,GBIME,211,208.91,0.9901,1% bonus shares,207612
2023-12-07,SWBBL,720.1,640.89,0.89,12.3599% bonus shares,207619
2023-12-10,NHDL,370,345.79,0.9346,7% bonus shares,207628
2023-12-13,MDB,428,390.87,0.9132,9.50% bonus shares,207640
2023-12-13,NICL,875,795.45,0.9091,10% bonus shares,207639
2023-12-14,SBI,322,310.36,0.9639,3.75% bonus shares,207644
2023-12-20,SHL,507,482.86,0.9524,5% bonus shares,207650
2023-12-21,CHCL,571.8,519.82,0.9091,10% bonus shares,207653
2023-12-24,NLO,282.4,225.92,0.8,25% bonus shares,207657
2023-12-27,FMDBL,669,622.33,0.9302,7.50% bonus shares,207660
2023-12-27,HATHY,796.5,724.09,0.9091,10% bonus shares,207662
2023-12-27,TRH,870.1,836.63,0.9615,4% bonus shares,207661
2023-12-28,ANLB,1825,1659.09,0.9091,10% bonus shares,207673
2023-12-28,GCIL,578,502.61,0.8696,15% bonus shares,207675
2023-12-28,HDL,1898,1725.45,0.9091,10% bonus shares,207677
2023-12-28,RADHI,239.5,228.64,0.9547,4.75% bonus shares,207672
2023-12-28,SKBBL,1014.9,888.32,0.8753,14.25% bonus shares,207676
2023-12-28,SMB,1080,955.75,0.885,13% bonus shares,207674
2024-01-01,CBBL,909,865.71,0.9524,5% bonus shares,207685
2024-01-01,GBBL,410,374.43,0.9132,9.50% bonus shares,207684
2024-01-01,LBBL,402,386.54,0.9615,4% bonus shares,207683
2024-01-02,JBLB,1507.1,1322.02,0.8772,14% bonus shares,207691
2024-01-02,KPCL,368,334.55,0.9091,10% bonus shares,207689
2024-01-02,UPCL,219,201.75,0.9212,8.55% bonus shares,207690
2024-01-03,LSL,194.3,181.59,0.9346,7% bonus shares,207697
2024-01-03,MNBBL,408,371.75,0.9112,9.75% bonus shares,207696
2024-01-03,SHIVM,591,517.29,0.8753,14.25% bonus shares,207695
2024-01-04,MHL,428.8,409.36,0.9547,4.75% bonus shares,207700
2024-01-04,SHEL,305.8,202.9,0.6635,100% right shares,207701
2024-01-11,CLI,495.4,471.81,0.9524,5% bonus shares,207707
2024-01-25,HEI,660,607.57,0.9206,8.63% bonus shares,207709
2024-01-28,AHPC,280.2,190.1,0.6784,100% right shares,207714
2024-01-28,RNLI,577.5,497.84,0.8621,16% bonus shares,207713
2024-02-04,RIDI,275,216.67,0.7879,50% right shares,207717
2024-02-04,UAIL,618.9,561.3,0.9069,10.2612% bonus shares,207718
2024-02-07,NLG,825,781.99,0.9479,5.50% bonus shares,207720
2024-02-15,UMRH,395,374.41,0.9479,5.5% bonus shares,207729
2024-02-18,ALICL,664.6,616.8,0.9281,7.75% bonus shares,207733
2024-02-18,HRL,645.1,620.29,0.9615,4% bonus shares,207734
2024-02-22,SLBBL,633.1,591.68,0.9346,7% bonus shares,207738
2024-03-12,MEN,641,557.39,0.8696,15% bonus shares,207767
2024-03-12,NMFBS,1220,1134.88,0.9302,7.50% bonus shares,207768
2024-03-21,GRDBL,376.3,362.52,0.9634,3.80% bonus shares,207779
2024-03-21,STC,5247,4562.61,0.8696,15% bonus shares,207776
2024-03-27,DDBL,797.7,725.18,0.9091,10% bonus shares,207783
2024-03-28,MKJC,472,461.74,0.9783,2.2211% bonus shares,207785
2024-03-31,SMATA,700,664,0.9486,5.4222% bonus shares,207788
2024-04-18,PRIN,772.5,737.47,0.9547,4.75% bonus shares,207796
2024-04-18,SJLIC,504.7,457.74,0.907,10.26% bonus shares,207797
2024-04-30,CHDC,810,729.73,0.9009,11% bonus shares,207801
2024-05-08,SNLI,583,470.92,0.8078,23.8% bonus shares,207807
2024-05-16,NRIC,693,661.58,0.9547,4.75% bonus shares,207814
2024-05-26,ILI,560,448,0.8,25% bonus shares,207822
2024-07-03,CIT,2136,1873.68,0.8772,14% bonus shares,207846
2024-07-03,HURJA,269,184.5,0.6859,100% right shares,207847
2024-07-15,AKJCL,220,148,0.6727,150% right shares,207860
2024-07-15,AKLCL,220,148,0.6727,150% right shares,207860
2024-08-07,NLICL,734,705.77,0.9615,4% Bonus shares,207876
2024-08-07,SWMF,1155,1013.11,0.8772,14.005143% bonus shares,207875
2024-08-22,SFMF,11.97,10.72,0.8956,12.50% cash dividend,207891
2024-09-10,SAEF,12.4,10.9,0.879,15% cash dividend,207908
2024-09-12,NICSF,11.25,9.85,0.8756,14% cash dividend,207911
2024-09-16,BGWT,955.1,918.37,0.9615,4% Bonus shares,207914
2024-09-18,NLO,284.9,237.42,0.8333,20% Bonus shares,207919
2024-09-22,CHDC,2031,1829.73,0.9009,11% Bonus shares,207922
2024-09-22,OHL,1030,980.95,0.9524,5% Bonus shares,207923
2024-09-23,EBL,695,631.82,0.9091,10% Bonus shares,207927
2024-09-26,NMB50,11.96,10.46,0.8746,15% cash dividend,207937
2024-09-26,SAHAS,517.5,479.17,0.9259,8% Bonus shares,207935
2024-09-26,SRLI,559.5,472.63,0.8447,18.3811% Bonus shares,207936
2024-09-30,KSBBL,462.6,432.34,0.9346,7% Bonus shares,207942
2024-10-01,GLBSL,1818.8,1591.95,0.8753,14.25% Bonus shares,207947
2024-10-01,PMLI,605,550,0.9091,10% Bonus shares,207946
2024-10-02,SMHL,607,578.1,0.9524,5% Bonus shares,207949
2024-10-09,CZBIL,253,243.27,0.9615,4% Bonus shares,207952
2024-10-15,RURU,879,764.35,0.8696,15% Bonus shares,207954
2024-10-17,API,311,296.19,0.9524,5% Bonus shares,207958
2024-10-20,AHPC,280,271.84,0.9709,3% Bonus shares,207961
2024-10-22,HATHY,1439.9,1309,0.9091,10% Bonus shares,207963
2024-10-24,LICN,1988,1101.85,0.5543,88.45168% Right Shares,207967
2024-10-24,SWBBL,1075,940.92,0.8753,14.25% Bonus shares,207966
2024-11-05,BHL,513.2,306.6,0.5974,100% Right Shares,207971
2024-11-05,LEC,276,217.33,0.7874,50% Right Shares,207970
2024-11-06,ALBSL,1069,935.67,0.8753,14.25% Bonus shares,207974
2024-11-10,SMJC,612,584.25,0.9547,4.75% Bonus shares,207976
2024-11-11,NLG,1339,862.18,0.6439,62.56% Right Shares,207981
2024-11-12,BHDC,686,635.19,0.9259,8% Bonus shares,207983
2024-11-12,MHL,844.9,804.67,0.9524,5% Bonus shares,207984
2024-11-21,GBIME,255,241.71,0.9479,5.5% Bonus shares,207992
2024-11-26,SCB,760,713.62,0.939,6.5% Bonus shares,207997
2024-11-27,SHL,570,518.18,0.9091,10% Bonus shares,207998
2024-11-28,FOWAD,1532,1352.16,0.8826,13.3% Bonus shares,208000
2024-11-28,SMB,3327,2924.19,0.8789,13.775% Bonus shares,208001
2024-12-01,SMH,1140,1065.42,0.9346,7% Bonus shares,208004
2024-12-02,NGPL,478,289,0.6046,100% Right Shares,208007
2024-12-02,NMFBS,1549,1355.8,0.8753,14.25% Bonus shares,208006
2024-12-05,FMDBL,797,731.19,0.9174,9% Bonus shares,208015
2024-12-05,NRN,1115,1061.9,0.9524,5% Bonus shares,208014
2024-12-17,SHINE,463,449.51,0.9709,3% Bonus Shares,208026
2024-12-18,RADHI,382.2,364.87,0.9547,4.75% Bonus Shares,208030
2024-12-19,SBI,442,425.82,0.9634,3.80% Bonus Shares,208032
2024-12-22,NHDL,742,687.04,0.9259,8% Bonus Shares,208035
2024-12-23,SHPC,537,488.18,0.9091,10% Bonus Shares,208040
2024-12-24,KBSH,2709,2462.73,0.9091,10% Bonus Shares,208046
2024-12-24,MEN,728.2,633.22,0.8696,15% Bonus Shares,208047
2024-12-24,MLBBL,1722,1507.22,0.8753,14.25% Bonus Shares,208044
2024-12-24,RSDC,737,673.06,0.9132,9.50% Bonus Shares,208045
2024-12-26,GVL,561.5,510.45,0.9091,10% Bonus Shares,208056
2024-12-26,SARBTM,764.7,714.67,0.9346,7% Bonus Shares,208055
2024-12-29,ADBL,333.9,324.17,0.9709,3% Bonus Shares,208063
2024-12-29,ANLB,6530,5715.54,0.8753,14.25% Bonus shares,208064
2024-12-29,CBBL,930.1,861.2,0.9259,8% Bonus Shares,208062
2024-12-29,CHCL,570,518.18,0.9091,10% Bonus Shares,208060
2024-12-29,JBLB,1571,1378.07,0.8772,14% Bonus shares,208065
2024-12-29,MDB,695.8,635.39,0.9132,9.5079% Bonus Shares,208061
2024-12-29,MLBL,389,377.67,0.9709,3% Bonus shares,208066
2024-12-31,DDBL,860,785.39,0.9132,9.50% Bonus shares,208076
2024-12-31,LSL,236,224.76,0.9524,5% Bonus shares,208074
2024-12-31,SADBL,386,372.4,0.9648,3.6516% Bonus shares,208078
2024-12-31,SHIVM,556,512.21,0.9212,8.55% Bonus shares,208077
2024-12-31,SKBBL,923,814.65,0.8826,13.30% Bonus shares,208075
2025-01-02,HDL,1361,1183.48,0.8696,15% Bonus shares,208086
2025-01-02,KMCDB,1100,1004.57,0.9132,9.5% Bonus shares,208087
2025-01-02,KPCL,539,503.74,0.9346,7% Bonus shares,208088
2025-01-02,LBBL,480,466.02,0.9709,3% Bonus shares,208089
2025-01-02,MERO,732,680.93,0.9302,7.5% Bonus shares,208093
2025-01-02,SIFC,565,554.65,0.9817,1.8659% Bonus shares,208091
2025-01-02,SWMF,757.3,714.43,0.9434,6% Bonus shares,208092
2025-01-05,CIT,2110,1971.96,0.9346,7% Bonus Shares,208101
2025-01-22,NLIC,836.1,760.09,0.9091,10% Bonus Shares,208109
2025-01-28,NIL,938.9,771.12,0.8213,25% Right Shares,208115
2025-02-05,SMATA,920,876.19,0.9524,5% Bonus Shares,208117
2025-02-06,HLI,488.8,428.77,0.8772,14% Bonus Shares,208120
2025-02-11,SICL,842,765.45,0.9091,10% Bonus Shares,208127
2025-02-25,DORDI,599,349.5,0.5835,100% Right Shares,208140
2025-03-06,UMRH,709,681.73,0.9615,4% Bonus Shares,208145
2025-03-09,SRLI,442.4,436.94,0.9877,1.2489% Bonus Shares,208149
2025-03-11,CLI,725.6,571.41,0.7875,26.98412698% Bonus Shares,208154
2025-03-11,NESDO,2273,1989.5,0.8753,14.25% Bonus Shares,208153
2025-03-19,NICL,995.1,865.3,0.8696,15% Bonus Shares,208159
2025-03-20,SGIC,664.31,617.96,0.9302,7.50% Bonus Shares,208165
2025-03-27,GRDBL,1424.93,1347.45,0.9456,5.75% Bonus Shares,208177
2025-04-17,SNLI,629.16,516.66,0.8212,27% Right Shares,208200
2025-04-23,SLBBL,960.24,846.03,0.8811,13.50% Bonus Shares,208204
2025-04-23,SMFBS,1822.86,1736.06,0.9524,5% Bonus Shares,208205
2025-05-11,NIL,738.9,690.56,0.9346,7% Bonus Shares,208218
2025-05-15,CHL,478.22,289.11,0.6046,100% Right Shares,208223
2025-05-18,TPC,594.11,347.06,0.5842,100% Right Shares,208225
2025-05-19,RHGCL,548.87,324.44,0.5911,100% Right Shares,208226
2025-05-22,HRL,975.71,933.69,0.9569,4.5% Bonus Shares,208229
2025-05-28,ALICL,696.44,520.03,0.7467,42% Right Shares,208237
2025-05-28,PMLI,553.59,512.58,0.9259,8% Bonus Shares,208236
2025-06-04,BARUN,480.72,290.36,0.604,100% Right Shares,208241
2025-06-04,NLG,760.02,741.48,0.9756,2.50% Bonus Shares,208242
2025-06-04,NLICL,628.36,598.44,0.9524,5% Bonus Shares,208243
2025-06-08,RNLI,506.99,452.67,0.8929,12% Bonus Shares,208248
2025-06-12,NICL,782.87,606.65,0.7749,34.7826087% Right Shares,208250
2025-06-15,PPL,491.7,361.13,0.7345,50% Right Shares,208253
2025-06-19,JOSHI,458.02,316.98,0.6921,65% Right Shares,208256
2025-06-29,LICN,908.36,825.78,0.9091,10% Bonus Shares,208260
2025-07-02,UAIL,612.28,556.62,0.9091,10% Bonus Shares,208263
2025-07-03,ALICL,538.44,519.77,0.9653,3.591549% Bonus Shares,208266
2025-07-10,KKHC,429.11,264.56,0.6165,100% Right Shares,208270
2025-07-17,PRIN,953.2,807.8,0.8475,18% Bonus Shares,208277
2025-07-31,SSHL,285.65,192.83,0.6751,100% Right Shares,208283
2025-08-07,LVF2,10.89,9.39,0.8623,15% cash dividend,208290
2025-08-07,RFPL,638.45,369.23,0.5783,100% Right Shares,208292
2025-08-07,SBCF,11.46,9.56,0.8342,19% cash dividend,208291
2025-08-11,CITY,961.15,578.42,0.6018,80% Right Shares,208295
2025-08-18,LUK,11.81,9.81,0.8307,20% cash dividend,208312
2025-08-18,SFEF,10.36,9.01,0.8697,13.50% cash dividend,208314
2025-08-18,SFMF,10.89,9.49,0.8714,14% cash dividend,208313
2025-08-21,SAGF,10.84,9.26,0.8542,15.79% cash dividend,208327
2025-08-21,SEF,11.48,9.48,0.8258,20% cash dividend,208323
2025-08-21,SIGS2,11.53,9.53,0.8265,20% cash dividend,208324
2025-08-21,SIGS3,11.02,9.32,0.8457,17% cash dividend,208325
2025-08-21,SLCF,11.69,9.59,0.8204,21.05% cash dividend,208326
2025-08-24,KDBY,10.1,9.05,0.896,10.50% cash dividend,208334
2025-08-24,KEF,10.06,8.91,0.8857,11.50% cash dividend,208333
2025-08-24,NABBC,1336.65,718.33,0.5374,100% Right Shares,208330
2025-08-24,RMF1,11.31,9.31,0.8232,20% cash dividend,208331
2025-08-24,RMF2,10.24,8.94,0.873,13% cash dividend,208332
2025-08-28,C30MF,10.17,8.9,0.8751,12.75% cash dividend,208348
2025-08-28,HATHY,1258.99,1124.1,0.8929,12% Bonus Shares,208344
2025-08-28,NMB50,11.42,9.92,0.8687,15% cash dividend,208346
2025-08-28,NSIF2,11.38,9.88,0.8682,15% cash dividend,208347
2025-08-28,PSF,11.6,10.4,0.8966,12% cash dividend,208345
2025-09-04,NBF2,10.81,9.51,0.8797,13% cash dividend,208365
2025-09-04,NBF3,10.61,9.31,0.8775,13% cash dividend,208366
2025-09-16,GIBF1,11.06,9.86,0.8915,12% cash dividend,208370
2025-09-16,H8020,12.18,10.56,0.867,16.16% cash dividend,208371
2025-09-16,MBL,248.37,238.82,0.9615,4% bonus shares,208374
2025-09-16,MMF1,9.75,8.58,0.88,11.75% cash dividend,208373
2025-09-16,NIBLGF,9.64,8.64,0.8963,10% cash dividend,208372
2025-09-23,KSBBL,525.5,477.73,0.9091,10% bonus shares,208389
2025-09-23,UPCL,414.5,380.28,0.9174,9% bonus shares,208390
2025-09-25,NLO,293.2,244.33,0.8333,20% bonus shares,208393
2025-10-06,BGWT,940.9,825.35,0.8772,14% bonus shares,208397
2025-10-09,EBL,717,676.42,0.9434,6% bonus shares,208400
2025-10-16,MNBBL,435.5,383.6,0.8808,13.53% bonus shares,208408
2025-10-30,GLBSL,2310,2021.88,0.8753,14.25% bonus shares,208412
2025-10-30,MKCL,1575,1458.33,0.9259,8% bonus shares,208411
2025-11-02,CZBIL,212.1,202,0.9524,5% bonus shares,208416
2025-11-02,SBL,367,349.52,0.9524,5% bonus shares,208417
2025-11-03,GBBL,417,393.4,0.9434,6% bonus shares,208421
2025-11-05,HDL,1382,1151.67,0.8333,20% bonus shares,208429
2025-11-20,SAHAS,672,555.37,0.8264,21% bonus shares,208440
2025-11-20,SHL,546,474.78,0.8696,15% bonus shares,208441
2025-11-26,NRN,1935.1,1382.21,0.7143,40% bonus shares,208448
2025-11-26,SHIVM,615.4,600.39,0.9756,2.5% bonus shares,208447
2025-11-27,ADBL,328.9,318.55,0.9685,3.25% bonus shares,208456
2025-11-27,BARUN,353.9,337.85,0.9546,4.75% bonus shares,208455
2025-11-27,NGPL,397.6,379.57,0.9547,5% bonus shares,208453
2025-11-27,SARBTM,913.9,870.38,0.9524,5% bonus shares,208454
2025-11-27,SHINE,424,411.65,0.9709,3% bonus shares,208451
2025-12-02,MEN,669,557.5,0.8333,20% bonus shares,208464
2025-12-02,SMHL,759,722.86,0.9524,5% bonus shares,208465
2025-12-03,SIKLES,660,573.91,0.8696,15% bonus shares,208471
2025-12-07,ALBSL,1194,1090.41,0.9132,9.5% bonus shares,208473
2025-12-08,SADBL,405.8,386.48,0.9524,5% bonus shares,208475
2025-12-11,GCIL,456.1,414.64,0.9091,10% bonus shares,208479
2025-12-15,KDL,904,860.95,0.9524,5% bonus shares,208484
2025-12-15,LSL,235,213.64,0.9091,10% bonus shares,208483
2025-12-18,SBI,411.9,396.06,0.9615,4% bonus shares,208493
2025-12-21,MLBL,384,365.71,0.9524,5% bonus shares,208498
2025-12-21,NHDL,729.9,669.63,0.9174,9% bonus shares,208499
2025-12-21,NLIC,817.5,778.57,0.9524,5% bonus shares,208496
2025-12-21,SHEL,285,271.43,0.9524,5% bonus shares,208497
2025-12-22,HIDCL,259,255.17,0.9852,1.5% bonus shares,208506
2025-12-23,NMB,254.9,242.76,0.9524,5% bonus shares,208510
2025-12-23,SKBBL,882,771.99,0.8753,14.25% bonus shares,208509
2025-12-24,CGH,886,843.81,0.9524,5% bonus shares,208513
2025-12-24,MSHL,918,798.26,0.8696,15% bonus shares,208515
2025-12-24,RURU,727,660.91,0.9091,10% bonus shares,208516
2025-12-24,SWBBL,768,727.02,0.9466,5.6365% bonus shares,208514
2025-12-28,KBSH,1815,1650,0.9091,10% bonus shares,208521
2025-12-28,SICL,651.9,615,0.9434,6% bonus shares,208522
2025-12-28,SNLI,514,489.52,0.9524,5% bonus shares,208523
2025-12-28,SPDL,430.2,391.09,0.9091,10% bonus shares,208524
2025-12-29,CBBL,1044.9,928.8,0.8889,12.50% bonus shares,208532
2025-12-29,DDBL,880,800,0.9091,10% bonus shares,208531
2025-12-29,MLBBL,1514.9,1325.95,0.8753,14.25% bonus shares,208533
2025-12-29,SMB,1886,1722.37,0.9132,9.50% bonus shares,208530
2025-12-31,CHCL,506.9,469.35,0.9259,8% bonus shares,208543
2025-12-31,GRDBL,1210,1119.96,0.9256,8.0396% bonus shares,208539
2025-12-31,MSLB,1339.9,1279.14,0.9547,4.75% bonus shares,208540
2025-12-31,NLICL,605,581.73,0.9615,4% bonus shares,208538
2025-12-31,NUBL,746,710.48,0.9524,5% bonus shares,208542
2026-01-01,AHPC,273.9,260.86,0.9524,5% bonus shares,208565
2026-01-01,API,294,280,0.9524,5% bonus shares,208564
2026-01-01,GILB,1170,1116.95,0.9547,4.75% bonus shares,208566
2026-01-01,HLBSL,930,872.01,0.9376,6.65% bonus shares,208567
2026-01-01,KPCL,568,530.84,0.9346,7% bonus shares,208557
2026-01-01,MERO,745.6,711.79,0.9547,4.75% bonus shares,208560
2026-01-01,SLBBL,946,828.01,0.8753,14.25% bonus shares,208563
2026-01-01,SMATA,803,764.76,0.9524,5% bonus shares,208568
2026-01-01,UHEWA,624,542.6,0.8696,15% bonus shares,208550
2026-01-01,UMRH,545,519.05,0.9524,5% bonus shares,208569
2026-01-04,CIT,1840.8,1753.14,0.9524,5% bonus shares,208570
2026-01-04,JBLB,1480.1,1298.33,0.8772,14% bonus shares,208574
2026-01-04,KMCDB,1081,982.73,0.9091,10% bonus shares,208572
2026-01-04,PCBL,258.9,239.72,0.9259,8% bonus shares,208571
2026-01-04,PMLI,500,480.77,0.9615,4% bonus shares,208573
2026-01-05,BHDC,477.9,455.14,0.9524,5% bonus shares,208582
2026-01-05,NLG,698,671.15,0.9615,4% bonus shares,208580
2026-01-05,NMFBS,1305,1142.23,0.8753,14.25% Bonus shares,208581
2026-02-05,NIL,654.9,635.83,0.9709,3% bonus shares,208591
2026-02-11,ALICL,461,439.05,0.9524,5% Bonus shares,208595
2026-02-12,BNHC,526.2,313.1,0.595,100% Right shares,208598
2026-02-24,SMH,710,591.67,0.8333,20% Bonus shares,208606
2026-02-26,UAIL,464.8,431.64,0.9287,10% Right shares,208609
2026-03-23,HPPL,522,381.33,0.7305,50% Right shares,208650
2026-04-08,ANLB,6365.4,5571.47,0.8753,14.25% Bonus shares,208680
2026-04-08,PRIN,748,688.13,0.92,8.7% Bonus shares,208681
2026-04-16,UMHL,646,603.74,0.9346,7% Bonus shares,208691
2026-05-05,SGIC,474.3,451.71,0.9524,5% Bonus shares,208700
2026-05-26,STC,5939.9,5424.57,0.9132,9.50% Bonus shares,208708
2026-07-02,UAIL,463.9,444.84,0.9589,4.2857% Bonus shares,208733
2026-08-20,MANDU,840,763.64,0.9091,10% Bonus shares,208758
2026-09-07,SMHL,527,458.26,0.8696,15% Bonus shares,208776
2026-09-16,EBL,727.5,692.86,0.9524,5% Bonus shares,208781
2026-09-18,GBIME,260.9,250.87,0.9616,4% Bonus shares,208785
2026-09-18,NLO,277.4,241.22,0.8696,15% Bonus shares,208784
2026-09-21,H8020,12.52,11.02,0.8802,15% cash dividend,208789
2026-09-23,SADBL,428,411.54,0.9615,4% Bonus shares,208792
2026-09-23,SNORL,945,859.09,0.9091,10% Bonus shares,208793
2026-09-24,GIBF1,11.7,10.5,0.8974,12% cash dividend,208797
2026-09-24,KDL,629.8,580.46,0.9217,8.50% Bonus shares,208799
2026-09-24,MBL,258.5,250.97,0.9709,3% Bonus shares,208798
