symbol,security_id,sector,first_seen,last_seen
ACLBSL,2790,MICROFINANCE,2026-09-24,2026-09-24
ADBL,397,BANKING,2026-09-24,2026-09-24
AHL,9150,HYDROPOWER,2026-09-24,2026-09-24
AHPC,360,HYDROPOWER,2026-09-24,2026-09-24
AKJCL,2788,HYDROPOWER,2026-09-24,2026-09-24
AKPL,2757,HYDROPOWER,2026-09-24,2026-09-24
ALBSL,2807,MICROFINANCE,2026-09-24,2026-09-24
ALICL,385,LIFEINSU,2026-09-24,2026-09-24
ANLB,9161,MICROFINANCE,2026-09-24,2026-09-24
APHL,9337,HYDROPOWER,2026-09-24,2026-09-24
API,697,HYDROPOWER,2026-09-24,2026-09-24
AVYAN,8117,MICROFINANCE,2026-09-24,2026-09-24
BANDIPUR,9297,HOTELS,2026-09-24,2026-09-24
BARUN,686,HYDROPOWER,2026-09-24,2026-09-24
BBC,156,TRADING,2026-09-24,2026-09-24
BEDC,9171,HYDROPOWER,2026-09-24,2026-09-24
BFC,227,FINANCE,2026-09-24,2026-09-24
BGWT,9214,HYDROPOWER,2026-09-24,2026-09-24
BHCL,9267,HYDROPOWER,2026-09-24,2026-09-24
BHDC,8075,HYDROPOWER,2026-09-24,2026-09-24
BHL,8055,HYDROPOWER,2026-09-24,2026-09-24
BHPL,9135,HYDROPOWER,2026-09-24,2026-09-24
BJHL,9322,HYDROPOWER,2026-09-24,2026-09-24
BNHC,8032,HYDROPOWER,2026-09-24,2026-09-24
BNL,195,MANUFACTURE,2026-09-24,2026-09-24
BNT,213,MANUFACTURE,2026-09-24,2026-09-24
BPCL,153,HYDROPOWER,2026-09-24,2026-09-24
BUNGAL,9296,HYDROPOWER,2026-09-24,2026-09-24
CBBL,164,MICROFINANCE,2026-09-24,2026-09-24
CFCL,245,FINANCE,2026-09-24,2026-09-24
CGH,2917,HOTELS,2026-09-24,2026-09-24
CHCL,154,HYDROPOWER,2026-09-24,2026-09-24
CHDC,3946,INVESTMENT,2026-09-24,2026-09-24
CHL,2766,HYDROPOWER,2026-09-24,2026-09-24
CIT,210,INVESTMENT,2026-09-24,2026-09-24
CITY,9173,HOTELS,2026-09-24,2026-09-24
CKHL,9232,HYDROPOWER,2026-09-24,2026-09-24
CLI,9209,LIFEINSU,2026-09-24,2026-09-24
CREST,9252,LIFEINSU,2026-09-24,2026-09-24
CYCL,8065,MICROFINANCE,2026-09-24,2026-09-24
CZBIL,348,BANKING,2026-09-24,2026-09-24
DDBL,166,MICROFINANCE,2026-09-24,2026-09-24
DHEL,9293,HYDROPOWER,2026-09-24,2026-09-24
DHPL,2754,HYDROPOWER,2026-09-24,2026-09-24
DLBS,8123,MICROFINANCE,2026-09-24,2026-09-24
DOLTI,9170,HYDROPOWER,2026-09-24,2026-09-24
DORDI,8070,HYDROPOWER,2026-09-24,2026-09-24
EBL,137,BANKING,2026-09-24,2026-09-24
ECL,9347,MANUFACTURE,2026-09-24,2026-09-24
EHPL,8131,HYDROPOWER,2026-09-24,2026-09-24
ENL,8034,INVESTMENT,2026-09-24,2026-09-24
FMDBL,490,MICROFINANCE,2026-09-24,2026-09-24
FOWAD,2758,MICROFINANCE,2026-09-24,2026-09-24
GBIME,341,BANKING,2026-09-24,2026-09-24
GBLBS,583,MICROFINANCE,2026-09-24,2026-09-24
GCIL,9193,MANUFACTURE,2026-09-24,2026-09-24
GFCL,232,FINANCE,2026-09-24,2026-09-24
GHL,2806,HYDROPOWER,2026-09-24,2026-09-24
GILB,705,MICROFINANCE,2026-09-24,2026-09-24
GLBSL,2826,MICROFINANCE,2026-09-24,2026-09-24
GLH,2924,HYDROPOWER,2026-09-24,2026-09-24
GMFBS,2815,MICROFINANCE,2026-09-24,2026-09-24
GMFIL,263,FINANCE,2026-09-24,2026-09-24
GMLI,9246,LIFEINSU,2026-09-24,2026-09-24
GUFL,204,FINANCE,2026-09-24,2026-09-24
GVL,8045,HYDROPOWER,2026-09-24,2026-09-24
HATHY,9213,INVESTMENT,2026-09-24,2026-09-24
HBL,134,BANKING,2026-09-24,2026-09-24
HDHPC,2880,HYDROPOWER,2026-09-24,2026-09-24
HDL,235,MANUFACTURE,2026-09-24,2026-09-24
HFIN,9308,HOTELS,2026-09-24,2026-09-24
HHL,8076,HYDROPOWER,2026-09-24,2026-09-24
HIDCL,2742,INVESTMENT,2026-09-24,2026-09-24
HIMSTAR,9270,HYDROPOWER,2026-09-24,2026-09-24
HLBSL,693,MICROFINANCE,2026-09-24,2026-09-24
HLI,393,LIFEINSU,2026-09-24,2026-09-24
HPPL,2767,HYDROPOWER,2026-09-24,2026-09-24
HRL,9234,OTHERS,2026-09-24,2026-09-24
HURJA,2824,HYDROPOWER,2026-09-24,2026-09-24
ICFC,273,FINANCE,2026-09-24,2026-09-24
IHL,9176,HYDROPOWER,2026-09-24,2026-09-24
ILBS,2832,MICROFINANCE,2026-09-24,2026-09-24
ILI,9184,LIFEINSU,2026-09-24,2026-09-24
JBLB,4951,MICROFINANCE,2026-09-24,2026-09-24
JFL,250,FINANCE,2026-09-24,2026-09-24
JHAPA,9300,OTHERS,2026-09-24,2026-09-24
JOSHI,2789,HYDROPOWER,2026-09-24,2026-09-24
JSLBB,695,MICROFINANCE,2026-09-24,2026-09-24
KAHL,9346,HYDROPOWER,2026-09-24,2026-09-24
KBL,142,BANKING,2026-09-24,2026-09-24
KBSH,9196,HYDROPOWER,2026-09-24,2026-09-24
KDL,9151,HOTELS,2026-09-24,2026-09-24
KHPL,9334,HYDROPOWER,2026-09-24,2026-09-24
KKHC,2751,HYDROPOWER,2026-09-24,2026-09-24
KMCDB,593,MICROFINANCE,2026-09-24,2026-09-24
KPCL,2787,HYDROPOWER,2026-09-24,2026-09-24
LEC,2903,HYDROPOWER,2026-09-24,2026-09-24
LICN,188,LIFEINSU,2026-09-24,2026-09-24
LLBS,618,MICROFINANCE,2026-09-24,2026-09-24
LSL,141,BANKING,2026-09-24,2026-09-24
MABEL,9287,HYDROPOWER,2026-09-24,2026-09-24
MAKAR,9166,HYDROPOWER,2026-09-24,2026-09-24
MANDU,9212,HYDROPOWER,2026-09-24,2026-09-24
MATRI,694,MICROFINANCE,2026-09-24,2026-09-24
MBJC,8031,HYDROPOWER,2026-09-24,2026-09-24
MBL,140,BANKING,2026-09-24,2026-09-24
MCHL,9175,HYDROPOWER,2026-09-24,2026-09-24
MEHL,9203,HYDROPOWER,2026-09-24,2026-09-24
MEL,9179,HYDROPOWER,2026-09-24,2026-09-24
MEN,2913,HYDROPOWER,2026-09-24,2026-09-24
MEPDL,9352,HYDROPOWER,2026-09-24,2026-09-24
MERO,1741,MICROFINANCE,2026-09-24,2026-09-24
MFIL,516,FINANCE,2026-09-24,2026-09-24
MHCL,9158,HYDROPOWER,2026-09-24,2026-09-24
MHL,8102,HYDROPOWER,2026-09-24,2026-09-24
MHNL,2811,HYDROPOWER,2026-09-24,2026-09-24
MKCL,9230,OTHERS,2026-09-24,2026-09-24
MKHC,9149,HYDROPOWER,2026-09-24,2026-09-24
MKHL,9167,HYDROPOWER,2026-09-24,2026-09-24
MKJC,8005,HYDROPOWER,2026-09-24,2026-09-24
MLBBL,601,MICROFINANCE,2026-09-24,2026-09-24
MLBS,8018,MICROFINANCE,2026-09-24,2026-09-24
MLBSL,2925,MICROFINANCE,2026-09-24,2026-09-24
MMKJL,9217,HYDROPOWER,2026-09-24,2026-09-24
MPFL,471,FINANCE,2026-09-24,2026-09-24
MSHL,9215,HYDROPOWER,2026-09-24,2026-09-24
MSLB,2768,MICROFINANCE,2026-09-24,2026-09-24
NABIL,131,BANKING,2026-09-24,2026-09-24
NADEP,2784,MICROFINANCE,2026-09-24,2026-09-24
NBL,517,BANKING,2026-09-24,2026-09-24
NESDO,8041,MICROFINANCE,2026-09-24,2026-09-24
NFS,194,FINANCE,2026-09-24,2026-09-24
NGPL,2743,HYDROPOWER,2026-09-24,2026-09-24
NHDL,2769,HYDROPOWER,2026-09-24,2026-09-24
NHPC,152,HYDROPOWER,2026-09-24,2026-09-24
NICA,139,BANKING,2026-09-24,2026-09-24
NICLBSL,2887,MICROFINANCE,2026-09-24,2026-09-24
NIFRA,2919,INVESTMENT,2026-09-24,2026-09-24
NIMB,132,BANKING,2026-09-24,2026-09-24
NLIC,187,LIFEINSU,2026-09-24,2026-09-24
NLICL,178,LIFEINSU,2026-09-24,2026-09-24
NLO,198,MANUFACTURE,2026-09-24,2026-09-24
NMB,238,BANKING,2026-09-24,2026-09-24
NMBMF,704,MICROFINANCE,2026-09-24,2026-09-24
NMFBS,2746,MICROFINANCE,2026-09-24,2026-09-24
NMLBBL,396,MICROFINANCE,2026-09-24,2026-09-24
NRIC,2881,OTHERS,2026-09-24,2026-09-24
NRM,9183,OTHERS,2026-09-24,2026-09-24
NRN,2898,INVESTMENT,2026-09-24,2026-09-24
NTC,307,OTHERS,2026-09-24,2026-09-24
NUBL,163,MICROFINANCE,2026-09-24,2026-09-24
NWCL,9233,OTHERS,2026-09-24,2026-09-24
NYADI,8026,HYDROPOWER,2026-09-24,2026-09-24
OHL,149,HOTELS,2026-09-24,2026-09-24
OMPL,9256,MANUFACTURE,2026-09-24,2026-09-24
PCBL,357,BANKING,2026-09-24,2026-09-24
PCIL,9330,MANUFACTURE,2026-09-24,2026-09-24
PFL,236,FINANCE,2026-09-24,2026-09-24
PHCL,8133,HYDROPOWER,2026-09-24,2026-09-24
PMHPL,2786,HYDROPOWER,2026-09-24,2026-09-24
PMLI,2915,LIFEINSU,2026-09-24,2026-09-24
PPCL,2813,HYDROPOWER,2026-09-24,2026-09-24
PPL,8122,HYDROPOWER,2026-09-24,2026-09-24
PROFL,338,FINANCE,2026-09-24,2026-09-24
PRVU,255,BANKING,2026-09-24,2026-09-24
PURE,9258,OTHERS,2026-09-24,2026-09-24
RADHI,2776,HYDROPOWER,2026-09-24,2026-09-24
RAWA,9181,HYDROPOWER,2026-09-24,2026-09-24
RFPL,8066,HYDROPOWER,2026-09-24,2026-09-24
RHGCL,8108,HYDROPOWER,2026-09-24,2026-09-24
RHPL,2841,HYDROPOWER,2026-09-24,2026-09-24
RIDI,610,HYDROPOWER,2026-09-24,2026-09-24
RLEL,9324,HYDROPOWER,2026-09-24,2026-09-24
RLFL,587,FINANCE,2026-09-24,2026-09-24
RNLI,9199,LIFEINSU,2026-09-24,2026-09-24
RSDC,2748,MICROFINANCE,2026-09-24,2026-09-24
RSML,9306,MANUFACTURE,2026-09-24,2026-09-24
RURU,2935,HYDROPOWER,2026-09-24,2026-09-24
SAGAR,9294,MANUFACTURE,2026-09-24,2026-09-24
SAHAS,8021,HYDROPOWER,2026-09-24,2026-09-24
SAIL,9301,MANUFACTURE,2026-09-24,2026-09-24
SANIMA,171,BANKING,2026-09-24,2026-09-24
SANVI,9263,HYDROPOWER,2026-09-24,2026-09-24
SAPIL,9353,MANUFACTURE,2026-09-24,2026-09-24
SARBTM,9242,MANUFACTURE,2026-09-24,2026-09-24
SBI,135,BANKING,2026-09-24,2026-09-24
SBL,145,BANKING,2026-09-24,2026-09-24
SCB,133,BANKING,2026-09-24,2026-09-24
SGHC,8100,HYDROPOWER,2026-09-24,2026-09-24
SGHL,9345,HYDROPOWER,2026-09-24,2026-09-24
SHEL,2934,HYDROPOWER,2026-09-24,2026-09-24
SHIVM,2809,MANUFACTURE,2026-09-24,2026-09-24
SHL,147,HOTELS,2026-09-24,2026-09-24
SHLB,8132,MICROFINANCE,2026-09-24,2026-09-24
SHPC,591,HYDROPOWER,2026-09-24,2026-09-24
SIFC,244,FINANCE,2026-09-24,2026-09-24
SIKLES,8126,HYDROPOWER,2026-09-24,2026-09-24
SIPD,9329,HYDROPOWER,2026-09-24,2026-09-24
SJCL,2842,HYDROPOWER,2026-09-24,2026-09-24
SJLIC,403,LIFEINSU,2026-09-24,2026-09-24
SKBBL,574,MICROFINANCE,2026-09-24,2026-09-24
SKHEL,9325,HYDROPOWER,2026-09-24,2026-09-24
SKHL,9323,HYDROPOWER,2026-09-24,2026-09-24
SLBBL,545,MICROFINANCE,2026-09-24,2026-09-24
SLBSL,2804,MICROFINANCE,2026-09-24,2026-09-24
SMATA,2761,MICROFINANCE,2026-09-24,2026-09-24
SMB,2771,MICROFINANCE,2026-09-24,2026-09-24
SMFBS,2829,MICROFINANCE,2026-09-24,2026-09-24
SMH,9148,HYDROPOWER,2026-09-24,2026-09-24
SMHL,9146,HYDROPOWER,2026-09-24,2026-09-24
SMJC,9159,HYDROPOWER,2026-09-24,2026-09-24
SMPDA,2896,MICROFINANCE,2026-09-24,2026-09-24
SNLI,9201,LIFEINSU,2026-09-24,2026-09-24
SNORL,9344,HYDROPOWER,2026-09-24,2026-09-24
SOHL,9311,HYDROPOWER,2026-09-24,2026-09-24
SONA,9216,MANUFACTURE,2026-09-24,2026-09-24
SOPL,9336,MANUFACTURE,2026-09-24,2026-09-24
SPC,8025,HYDROPOWER,2026-09-24,2026-09-24
SPDL,2759,HYDROPOWER,2026-09-24,2026-09-24
SPHL,8121,HYDROPOWER,2026-09-24,2026-09-24
SPL,9147,HYDROPOWER,2026-09-24,2026-09-24
SRLI,5982,LIFEINSU,2026-09-24,2026-09-24
SSHL,2907,HYDROPOWER,2026-09-24,2026-09-24
STC,155,TRADING,2026-09-24,2026-09-24
SWASTIK,9295,MICROFINANCE,2026-09-24,2026-09-24
SWBBL,268,MICROFINANCE,2026-09-24,2026-09-24
SWMF,706,MICROFINANCE,2026-09-24,2026-09-24
SYPNL,9303,MANUFACTURE,2026-09-24,2026-09-24
TAMOR,9156,HYDROPOWER,2026-09-24,2026-09-24
TPC,8022,HYDROPOWER,2026-09-24,2026-09-24
TPKHL,9343,HYDROPOWER,2026-09-24,2026-09-24
TRH,148,HOTELS,2026-09-24,2026-09-24
TSHL,9194,HYDROPOWER,2026-09-24,2026-09-24
TTL,9262,OTHERS,2026-09-24,2026-09-24
TVCL,9218,HYDROPOWER,2026-09-24,2026-09-24
UHEWA,8099,HYDROPOWER,2026-09-24,2026-09-24
ULBSL,8063,MICROFINANCE,2026-09-24,2026-09-24
ULHC,9208,HYDROPOWER,2026-09-24,2026-09-24
UMHL,2760,HYDROPOWER,2026-09-24,2026-09-24
UMRH,2914,HYDROPOWER,2026-09-24,2026-09-24
UNHPL,2831,HYDROPOWER,2026-09-24,2026-09-24
UNL,219,MANUFACTURE,2026-09-24,2026-09-24
UNLB,9140,MICROFINANCE,2026-09-24,2026-09-24
UPCL,2810,HYDROPOWER,2026-09-24,2026-09-24
UPPER,2792,HYDROPOWER,2026-09-24,2026-09-24
USHEC,8104,HYDROPOWER,2026-09-24,2026-09-24
USHL,9192,HYDROPOWER,2026-09-24,2026-09-24
USLB,2774,MICROFINANCE,2026-09-24,2026-09-24
VLBS,687,MICROFINANCE,2026-09-24,2026-09-24
VLUCL,9225,HYDROPOWER,2026-09-24,2026-09-24
YMHL,9342,HYDROPOWER,2026-09-24,2026-09-24
