date,symbol,open,high,low,close,prev_close,vwap,volume,turnover,trades,week_52_high,week_52_low
2025-09-24,ACLBSL,,1057,1031,1032,,,857,889889.4,29,,
2025-09-24,ADBL,,321.5,312,316,,,28083,8841447.3,184,,
2025-09-24,AHL,,664,627,650,,,9759,6285435.3,161,,
2025-09-24,AHPC,,296.8,288.5,291,,,121635,35570598,420,,
2025-09-24,AKJCL,,201,194,195.3,,,51286,10080098.3,248,,
2025-09-24,AKPL,,264.9,255.8,256.2,,,83728,21659027.6,297,,
2025-09-24,ALBSL,,1066,1030,1052.5,,,22450,23345300.2,155,,
2025-09-24,ALICL,,483,470.4,475,,,7234,3427653,85,,
2025-09-24,ANLB,,6288,6030,6288,,,527,3220878.3,57,,
2025-09-24,API,,294,286,288,,,55215,15974377.3,270,,
2025-09-24,AVYAN,,1000,975,1000,,,1342,1329307,31,,
2025-09-24,BARUN,,335,326.5,327,,,23042,7571362.8,146,,
2025-09-24,BBC,,5145,4881.1,4969,,,646,3223854.4,39,,
2025-09-24,BEDC,,728,655.8,690,,,71618,51361374.4,218,,
2025-09-24,BFC,,479,463,465,,,11069,5165589.4,80,,
2025-09-24,BGWT,,888,869,885,,,2323,2033034.2,36,,
2025-09-24,BHCL,,469.2,433.1,461,,,36839,16664271.5,1228,,
2025-09-24,BHDC,,595,572.3,588.9,,,71990,42039027.8,290,,
2025-09-24,BHL,,200,190,193.6,,,107851,20964577.4,614,,
2025-09-24,BHPL,,789,710,756.9,,,2421,1763312.3,48,,
2025-09-24,BNHC,,498.7,485,494,,,5156,2542479.9,49,,
2025-09-24,BNL,,15700,15700,15700,,,0,0,0,,
2025-09-24,BNT,,11600,11115,11200,,,515,5786670,38,,
2025-09-24,BPCL,,810.6,762,763,,,85067,65946783.8,330,,
2025-09-24,CBBL,,1035,1005,1012,,,17362,17612137.4,166,,
2025-09-24,CFCL,,506,496,498.1,,,6872,3440188.1,52,,
2025-09-24,CGH,,945,915.6,933.9,,,27970,25830351.7,214,,
2025-09-24,CHCL,,505,495.1,496,,,18374,9179168.9,160,,
2025-09-24,CHDC,,2449,2348,2373,,,52845,126005373.5,590,,
2025-09-24,CHL,,267.8,256.1,258.7,,,38620,10065649.7,280,,
2025-09-24,CIT,,1919,1893,1897,,,7714,14673538.5,181,,
2025-09-24,CITY,,649,580,649,,,14778,8844846,99,,
2025-09-24,CKHL,,678.3,632.2,660,,,6561,4224622,79,,
2025-09-24,CLI,,483.9,448,468,,,16446,7617298.9,341,,
2025-09-24,CREST,,1092,1040,1049,,,12756,13481514.9,259,,
2025-09-24,CYCL,,1640,1591,1606,,,1724,2784509.9,56,,
2025-09-24,CZBIL,,204.8,202,202.8,,,31793,6451578,121,,
2025-09-24,DDBL,,860,850,852,,,6591,5621992.4,88,,
2025-09-24,DHPL,,302,295,300,,,5399,1603210,54,,
2025-09-24,DLBS,,1417.8,1382,1397.9,,,466,653049,21,,
2025-09-24,DOLTI,,585,543,578,,,12321,7022807.8,138,,
2025-09-24,DORDI,,241.2,235,236.8,,,68556,16316084.1,301,,
2025-09-24,EBL,,720,708.3,710,,,55779,39804810.6,262,,
2025-09-24,EHPL,,550,526.1,543,,,2707,1462585.1,35,,
2025-09-24,ENL,,1008,978.3,990,,,300,296221.5,16,,
2025-09-24,FMDBL,,866.9,837,838,,,35437,30049074.8,202,,
2025-09-24,FOWAD,,1109,1090,1095,,,1958,2147066.1,35,,
2025-09-24,GBIME,,249.7,245,247,,,75438,18608047.1,301,,
2025-09-24,GBLBS,,765,745,747,,,5350,4009118.3,63,,
2025-09-24,GCIL,,472.9,463,464,,,24354,11341128.9,228,,
2025-09-24,GFCL,,640,611,629,,,9510,5950267.9,93,,
2025-09-24,GHL,,224.3,219,221,,,53649,11872868.7,184,,
2025-09-24,GILB,,1305,1190,1258.9,,,8224,10114997.7,105,,
2025-09-24,GLBSL,,2115,2050.1,2098,,,1376,2877278.6,39,,
2025-09-24,GLH,,264,255,258,,,14206,3667559.3,119,,
2025-09-24,GMFBS,,1638,1605.3,1627.6,,,1016,1636819.7,23,,
2025-09-24,GMFIL,,491.9,465.2,488.2,,,8961,4251507,87,,
2025-09-24,GMLI,,2020,1977,1980,,,1595,3194114.5,76,,
2025-09-24,GUFL,,521,500,510,,,4205,2112140,58,,
2025-09-24,GVL,,540.6,520,526.1,,,49700,26268298.9,229,,
2025-09-24,HATHY,,1020,985.1,990,,,9064,9043453.5,174,,
2025-09-24,HBL,,200,196.2,198.7,,,60114,11949040,2277,,
2025-09-24,HDHPC,,191.8,187,188,,,56639,10695243.4,257,,
2025-09-24,HDL,,1400,1352.5,1365,,,70897,97285638.5,631,,
2025-09-24,HHL,,364,352.8,353,,,15040,5350381.6,146,,
2025-09-24,HIDCL,,281,270,274,,,167531,45817952.4,462,,
2025-09-24,HIMSTAR,,630,584.2,630,,,4010,2525175,401,,
2025-09-24,HLBSL,,979,942.2,969,,,3469,3323646.2,37,,
2025-09-24,HLI,,399.8,382,391,,,23187,8995580.6,277,,
2025-09-24,HPPL,,471,460.1,462.2,,,27749,12947452.6,134,,
2025-09-24,HRL,,895,868,869,,,152233,133757947,1282,,
2025-09-24,HURJA,,235,225.4,225.6,,,40715,9291079.7,153,,
2025-09-24,ICFC,,670,658,658.5,,,7176,4746579.2,63,,
2025-09-24,IHL,,584,543.1,574.4,,,13039,7495176.9,137,,
2025-09-24,ILBS,,1249,1180,1204,,,7075,8443020.1,65,,
2025-09-24,ILI,,452.8,435,449,,,12795,5658589.2,273,,
2025-09-24,JBLB,,1430,1410,1420,,,2539,3598416.2,85,,
2025-09-24,JFL,,463,449,452,,,6043,2740907.2,71,,
2025-09-24,JOSHI,,327.5,312,319,,,24094,7662512.9,225,,
2025-09-24,JSLBB,,1210,1190,1210,,,1066,1274426.6,24,,
2025-09-24,KBL,,197.3,186.2,187.6,,,388127,73533758.5,886,,
2025-09-24,KBSH,,1880,1870,1870,,,100,187528,6,,
2025-09-24,KDL,,1038,980,994,,,1020,1009981,36,,
2025-09-24,KKHC,,246.8,240,242,,,11359,2772216.8,53,,
2025-09-24,KMCDB,,1035,1014,1028,,,3226,3285442.8,56,,
2025-09-24,KPCL,,658,580,595,,,99386,59167577.1,445,,
2025-09-24,LEC,,215,207,208.1,,,79829,16791338.2,291,,
2025-09-24,LICN,,840,834,837.8,,,5119,4284889.1,56,,
2025-09-24,LLBS,,994.1,975,975,,,424,413965,6,,
2025-09-24,LSL,,234.5,227.4,230.9,,,132557,30466698.3,178,,
2025-09-24,MAKAR,,625,595.2,618.2,,,7450,4576681.1,98,,
2025-09-24,MANDU,,839,820,834,,,1190,987532.7,40,,
2025-09-24,MATRI,,1024.4,975,1014,,,1191,1200601.5,31,,
2025-09-24,MBJC,,308,301,303.5,,,19118,5789359.5,170,,
2025-09-24,MBL,,230,222,223,,,53296,11971267.2,191,,
2025-09-24,MCHL,,535,513,530.9,,,1835,962416.8,35,,
2025-09-24,MEHL,,441,429.5,441,,,4470,1958334,77,,
2025-09-24,MEL,,294,288.1,291,,,4646,1345727,107,,
2025-09-24,MEN,,626,619.9,621,,,24724,15386762.8,148,,
2025-09-24,MERO,,865,840,860,,,8885,7574571.8,103,,
2025-09-24,MFIL,,659.7,642,647.5,,,17811,11586555.2,162,,
2025-09-24,MHCL,,444.2,422.3,435,,,4982,2167941.2,66,,
2025-09-24,MHL,,515,494.9,502,,,30371,15274938,136,,
2025-09-24,MHNL,,258.9,245.1,253.8,,,6284,1562615.5,51,,
2025-09-24,MKCL,,1570,1516,1522,,,7946,12179044,62,,
2025-09-24,MKHC,,421,396,408,,,5968,2414055.1,65,,
2025-09-24,MKHL,,832.9,770,799,,,2908,2300160.8,50,,
2025-09-24,MKJC,,604.8,582,585,,,59526,35050638.6,199,,
2025-09-24,MLBBL,,1511.9,1490.1,1511.9,,,990,1478355.4,23,,
2025-09-24,MLBS,,1570.4,1515,1570.4,,,371,564836.4,13,,
2025-09-24,MLBSL,,2272.5,2107,2149,,,714,1540354.7,21,,
2025-09-24,MMKJL,,671,613,671,,,116595,76797392.5,453,,
2025-09-24,MPFL,,574.5,560,568.8,,,6452,3651598.4,73,,
2025-09-24,MSHL,,937,901.6,934,,,1950,1807141,40,,
2025-09-24,MSLB,,1482.9,1416,1440,,,1559,2234158.1,47,,
2025-09-24,NABIL,,528,515,522,,,59254,30932259,439,,
2025-09-24,NADEP,,800,784,790,,,1332,1049844,31,,
2025-09-24,NBL,,254,245,249,,,40871,10128817.5,181,,
2025-09-24,NESDO,,1570,1516,1530,,,997,1536803.3,40,,
2025-09-24,NFS,,672.9,650,655,,,7686,5084132.5,119,,
2025-09-24,NGPL,,397,383,387.7,,,213473,82911451.5,558,,
2025-09-24,NHDL,,713.9,692,692.6,,,6032,4220456.4,61,,
2025-09-24,NHPC,,208,199.6,200.1,,,66447,13466914,240,,
2025-09-24,NICA,,338.4,331,334,,,31306,10432191.2,267,,
2025-09-24,NICLBSL,,584.9,569,574,,,2763,1592146.4,53,,
2025-09-24,NIFRA,,276.9,269.6,270.4,,,234780,63960117,558,,
2025-09-24,NIMB,,209,203,205,,,37879,7749552.1,195,,
2025-09-24,NLIC,,778,766.8,769,,,21109,16292332.7,165,,
2025-09-24,NLICL,,598,590,590,,,5131,3032781.5,57,,
2025-09-24,NLO,,293.2,293.2,293.2,,,0,0,0,,
2025-09-24,NMB,,252,245,247.9,,,14717,3626143.4,101,,
2025-09-24,NMBMF,,696.2,691.3,693,,,826,574198,12,,
2025-09-24,NMFBS,,1305,1270.1,1270.1,,,8682,11181983,38,,
2025-09-24,NMLBBL,,667,643,658,,,1838,1196512.6,41,,
2025-09-24,NRIC,,1520,1445,1467,,,117746,173253424.8,718,,
2025-09-24,NRM,,452,434,438.5,,,49324,21814891.1,328,,
2025-09-24,NRN,,2067,1960,1966,,,43612,86739759.4,339,,
2025-09-24,NTC,,865,848,849,,,11110,9454965.2,190,,
2025-09-24,NUBL,,776.3,762,776.3,,,9802,7568727,40,,
2025-09-24,NWCL,,877.9,828,849.9,,,1414,1197385.1,39,,
2025-09-24,NYADI,,425.3,410.7,418,,,5058,2122420.3,64,,
2025-09-24,OHL,,741,721,731,,,5725,4149280,59,,
2025-09-24,OMPL,,1243,1196,1229.9,,,8975,10908691.6,230,,
2025-09-24,PCBL,,256,248,248.2,,,43061,10756698.3,110,,
2025-09-24,PFL,,409,398.6,400,,,4136,1668175.4,64,,
2025-09-24,PHCL,,415,394,394,,,7118,2841145.5,121,,
2025-09-24,PMHPL,,354.9,334.5,340,,,44714,15339510.9,152,,
2025-09-24,PMLI,,486,467.5,484.4,,,5584,2673399.4,88,,
2025-09-24,PPCL,,334.9,323.7,326,,,18778,6142738.2,71,,
2025-09-24,PPL,,322,306.2,307,,,25269,7890286.3,183,,
2025-09-24,PROFL,,498,489,495,,,1693,835828,21,,
2025-09-24,PRVU,,210.2,205,205.3,,,72250,14909092.7,279,,
2025-09-24,PURE,,804.9,770,795,,,5150,4027349.5,156,,
2025-09-24,RADHI,,776,742,755,,,76306,57273657.9,266,,
2025-09-24,RAWA,,780,760,768,,,4075,3148648.7,49,,
2025-09-24,RFPL,,367,353,357,,,20657,7418111.8,178,,
2025-09-24,RHGCL,,279.9,260.9,268,,,72345,19371623.2,442,,
2025-09-24,RHPL,,295,287.3,287.5,,,20820,6059344.3,148,,
2025-09-24,RIDI,,248,235.5,236,,,139449,33262882.7,289,,
2025-09-24,RLFL,,455,449,450,,,9385,4245633,62,,
2025-09-24,RNLI,,474.9,462,468.5,,,56386,26453923,291,,
2025-09-24,RSDC,,685,660,670,,,19368,12898585,119,,
2025-09-24,RURU,,728.9,716,720,,,5071,3676714.3,45,,
2025-09-24,SAHAS,,646,630.6,640,,,81773,52092113.5,397,,
2025-09-24,SANIMA,,345,335,335,,,107375,36409469.3,243,,
2025-09-24,SANVI,,618,605.1,609.9,,,12338,7539306.5,402,,
2025-09-24,SARBTM,,905.9,884,889,,,24387,21785055.7,149,,
2025-09-24,SBI,,400,389,395,,,20603,8116508,102,,
2025-09-24,SBL,,365,354.5,357.6,,,41696,14877150.7,132,,
2025-09-24,SCB,,638.9,625.8,632,,,15152,9543387.3,117,,
2025-09-24,SGHC,,351,333.1,341,,,7266,2463035,80,,
2025-09-24,SHEL,,300.8,292.1,292.2,,,149583,44356243.8,457,,
2025-09-24,SHIVM,,606.9,591,596.8,,,184238,110313552.5,752,,
2025-09-24,SHL,,540,520,532,,,32711,17389578,147,,
2025-09-24,SHLB,,1945,1857,1917,,,538,1015959,12,,
2025-09-24,SHPC,,549.9,527,528.9,,,56683,30265922.6,325,,
2025-09-24,SIFC,,523.5,502,510,,,7754,3949247.2,66,,
2025-09-24,SIKLES,,804,744,760,,,9535,7380204.4,160,,
2025-09-24,SJCL,,295,289.1,289.1,,,3583,1042373.2,53,,
2025-09-24,SJLIC,,434,424,424,,,34496,14764725.4,188,,
2025-09-24,SKBBL,,900,885,892.8,,,22756,20219750.7,166,,
2025-09-24,SLBBL,,916.9,906,912.9,,,6699,6091599.1,78,,
2025-09-24,SLBSL,,1485,1450,1478.9,,,3024,4415239.5,43,,
2025-09-24,SMATA,,993,906,990,,,25275,23375145.6,313,,
2025-09-24,SMB,,2215,2152,2215,,,405,879351,19,,
2025-09-24,SMFBS,,1725,1691,1720,,,640,1089649,17,,
2025-09-24,SMH,,897.6,869.9,895.9,,,1242,1087977.8,25,,
2025-09-24,SMHL,,935,886,899,,,13558,12209190.8,139,,
2025-09-24,SMJC,,580,526.4,560,,,31425,17604717,166,,
2025-09-24,SMPDA,,930,899.8,918.7,,,7090,6425311.9,69,,
2025-09-24,SNLI,,456,448,451,,,8406,3803677.4,249,,
2025-09-24,SONA,,445.6,439,439,,,30693,13572963.8,336,,
2025-09-24,SPC,,524,500,514,,,17636,9081655.5,135,,
2025-09-24,SPDL,,399,386.3,390.5,,,59096,23278391.8,190,,
2025-09-24,SPHL,,584.9,536.4,560,,,6921,3872355.4,53,,
2025-09-24,SPL,,1000,940,990,,,2797,2675943.8,36,,
2025-09-24,SRLI,,399,387.1,389,,,16963,6603317.9,180,,
2025-09-24,SSHL,,190,180.5,183.8,,,51474,9509846.7,289,,
2025-09-24,STC,,5390,5216,5277.6,,,1418,7592193.4,55,,
2025-09-24,SWBBL,,850,835.6,840,,,2056,1730756.5,31,,
2025-09-24,SWMF,,716.9,710.1,716.9,,,1202,857519.3,26,,
2025-09-24,TAMOR,,505,490,495,,,15616,7707863.4,145,,
2025-09-24,TPC,,346,337,342,,,4575,1568960.1,39,,
2025-09-24,TRH,,867,842.8,850,,,8148,6917342.6,53,,
2025-09-24,TSHL,,827,800.1,811.9,,,5366,4337184.5,50,,
2025-09-24,TTL,,778,751,753,,,18540,14064544.1,737,,
2025-09-24,TVCL,,472,448.8,469.9,,,9467,4359432.5,109,,
2025-09-24,UHEWA,,619,580.1,592.5,,,33129,19922284.4,267,,
2025-09-24,ULBSL,,3612,3541,3612,,,241,858234.5,12,,
2025-09-24,ULHC,,482.4,465.1,479.9,,,6606,3138031.5,75,,
2025-09-24,UMHL,,554.9,545,549.9,,,85537,46939947.7,308,,
2025-09-24,UMRH,,610,580.3,593,,,18834,11230743.2,88,,
2025-09-24,UNHPL,,485.8,465,474.3,,,463922,221386841.5,1132,,
2025-09-24,UNL,,49738.9,48745,49737,,,140,6926406,12,,
2025-09-24,UNLB,,2306,2131.5,2235,,,720,1587917.3,32,,
2025-09-24,UPCL,,395,385,387.5,,,230674,89760137.4,955,,
2025-09-24,UPPER,,194,187,188.4,,,73886,13982068.4,450,,
2025-09-24,USHEC,,504.7,479.3,498,,,37487,18249122.4,226,,
2025-09-24,USHL,,784,738.8,741,,,3362,2534956,53,,
2025-09-24,USLB,,2045,1888.5,1898,,,3984,7672742,95,,
2025-09-24,VLBS,,811,800,805,,,2950,2384892.1,31,,
2025-09-24,VLUCL,,638,557,626,,,51537,31664858.7,418,,
2025-09-25,ACLBSL,,1036,1023.1,1024,,,483,495759.3,19,,
2025-09-25,ADBL,,317.9,311,317.3,,,29186,9236251.3,132,,
2025-09-25,AHL,,699,627.1,657.9,,,10914,7120063.8,167,,
2025-09-25,AHPC,,293.9,288.3,292,,,99815,29081862.9,302,,
2025-09-25,AKJCL,,196.9,193,195,,,52609,10267081.7,189,,
2025-09-25,AKPL,,260,253.3,259,,,82433,21244794.2,260,,
2025-09-25,ALBSL,,1051,1031.5,1036,,,7497,7797488.4,77,,
2025-09-25,ALICL,,478,469,478,,,10683,5037789.5,57,,
2025-09-25,ANLB,,6284,6080.1,6244,,,939,5784182.1,76,,
2025-09-25,API,,291,286.2,290,,,65656,19026027.6,225,,
2025-09-25,AVYAN,,1013,985,1005,,,1634,1638323,38,,
2025-09-25,BARUN,,332,321.1,324,,,18462,6027289.9,104,,
2025-09-25,BBC,,5041.9,4950,5040,,,372,1855785,22,,
2025-09-25,BEDC,,699,660,681.7,,,14580,9718944.2,116,,
2025-09-25,BFC,,470,456,467,,,6030,2792992.9,74,,
2025-09-25,BGWT,,899.9,873,873,,,1452,1272909,31,,
2025-09-25,BHCL,,477,450.1,459,,,47055,21955924.6,812,,
2025-09-25,BHDC,,600.6,570,578,,,36224,20896209,167,,
2025-09-25,BHL,,195,190,192,,,72903,14005027.9,394,,
2025-09-25,BHPL,,760,731,760,,,1290,969484.6,32,,
2025-09-25,BNHC,,494.9,483.1,487.9,,,6000,2921718.1,58,,
2025-09-25,BNL,,15700,15700,15700,,,0,0,0,,
2025-09-25,BNT,,11420,10979,11212,,,80,897415,8,,
2025-09-25,BPCL,,778.2,755,758,,,38823,29468813.8,207,,
2025-09-25,CBBL,,1024,1000.2,1024,,,9775,9914838.4,113,,
2025-09-25,CFCL,,503,494,494,,,5229,2595860,42,,
2025-09-25,CGH,,934.9,905,934.9,,,29932,27543042.7,191,,
2025-09-25,CHCL,,501,487,497,,,11872,5919702.4,105,,
2025-09-25,CHDC,,2370,2326,2342,,,24412,57396592.1,265,,
2025-09-25,CHL,,267.2,254.7,267.2,,,41999,11002353.7,264,,
2025-09-25,CIT,,1909.9,1889,1905,,,8381,15895617.3,137,,
2025-09-25,CITY,,636.1,588,600,,,60922,36458959.4,455,,
2025-09-25,CKHL,,672.9,646.8,660.3,,,3414,2263142.1,49,,
2025-09-25,CLI,,468,451,467.8,,,14296,6573408.2,194,,
2025-09-25,CREST,,1054.9,1031,1054.9,,,7416,7763545.9,186,,
2025-09-25,CYCL,,1629.9,1596.4,1610,,,731,1179804,27,,
2025-09-25,CZBIL,,204,202,204,,,42794,8688954.2,72,,
2025-09-25,DDBL,,861,850,858,,,9779,8353168.6,71,,
2025-09-25,DHPL,,304,293.1,296,,,8063,2387440.1,64,,
2025-09-25,DLBS,,1422.9,1371,1422.9,,,1476,2085267,25,,
2025-09-25,DOLTI,,570,555.2,563,,,2079,1175420.8,40,,
2025-09-25,DORDI,,240.7,233,236.5,,,59793,14182773.5,199,,
2025-09-25,EBL,,716,702,714.8,,,21113,14992798.6,141,,
2025-09-25,EHPL,,553.8,533,540,,,1987,1065434.5,32,,
2025-09-25,ENL,,1000,975.1,990,,,791,774356.2,19,,
2025-09-25,FMDBL,,842,828,830,,,21819,18225152.6,96,,
2025-09-25,FOWAD,,1100,1076.2,1090,,,1830,1991406,26,,
2025-09-25,GBIME,,249.1,243,247,,,52765,13015124.2,239,,
2025-09-25,GBLBS,,760,742,754,,,1922,1451688,29,,
2025-09-25,GCIL,,464,457.2,459.1,,,11031,5082053.3,164,,
2025-09-25,GFCL,,641,615,616.1,,,3964,2444634.2,42,,
2025-09-25,GHL,,228.9,221,226,,,78410,17698797.3,276,,
2025-09-25,GILB,,1250,1219.2,1225,,,5507,6754512.5,70,,
2025-09-25,GLBSL,,2295,2116,2230,,,4713,10413819.5,122,,
2025-09-25,GLH,,277.5,258.7,272.5,,,211469,57417598.8,790,,
2025-09-25,GMFBS,,1600,1595.1,1600,,,130,207616,4,,
2025-09-25,GMFIL,,486.8,467.6,479.9,,,5520,2634153,33,,
2025-09-25,GMLI,,2005,1940.4,1984,,,836,1659671.9,67,,
2025-09-25,GUFL,,518.5,500,507.9,,,1258,636395,25,,
2025-09-25,GVL,,535,520.1,532,,,33163,17502384.9,170,,
2025-09-25,HATHY,,1005,985.1,1000,,,2986,2954311,84,,
2025-09-25,HBL,,201.9,194.8,201.5,,,60322,12032636.2,2108,,
2025-09-25,HDHPC,,189,185,186,,,59039,11015972.3,204,,
2025-09-25,HDL,,1392.3,1340.1,1363,,,40576,55439095,413,,
2025-09-25,HHL,,360,351,358.7,,,13131,4684490.6,116,,
2025-09-25,HIDCL,,279.4,268.8,273,,,108839,29631619.8,291,,
2025-09-25,HIMSTAR,,693,642.6,693,,,3810,2639093,293,,
2025-09-25,HLBSL,,974,950,972,,,762,730588,14,,
2025-09-25,HLI,,392.1,384.3,390,,,23230,9023759.2,161,,
2025-09-25,HPPL,,466.9,453,455,,,18872,8692355.5,122,,
2025-09-25,HRL,,886.3,855,855,,,132240,113820288.7,1171,,
2025-09-25,HURJA,,228.8,223.4,227,,,18227,4136020,86,,
2025-09-25,ICFC,,668,647,661,,,5859,3866108.8,46,,
2025-09-25,IHL,,580,560,575,,,4452,2537394,59,,
2025-09-25,ILBS,,1208,1184,1208,,,6053,7191151,56,,
2025-09-25,ILI,,450,441,444.2,,,10035,4481816.9,153,,
2025-09-25,JBLB,,1446,1420,1446,,,4310,6200210.9,94,,
2025-09-25,JFL,,451,446,448.9,,,2036,912481,33,,
2025-09-25,JOSHI,,334,310,317,,,27343,8746042,211,,
2025-09-25,JSLBB,,1225,1224,1225,,,20,24490,2,,
2025-09-25,KBL,,191,189,190.3,,,218413,41510094.3,478,,
2025-09-25,KBSH,,1862,1854,1861,,,155,288082.5,7,,
2025-09-25,KDL,,998.9,980,998.9,,,913,899285.5,25,,
2025-09-25,KKHC,,245.6,238,241,,,11491,2775645.5,74,,
2025-09-25,KMCDB,,1040,1025,1030,,,1183,1218015,25,,
2025-09-25,KPCL,,640,571.4,635,,,123995,73467191,350,,
2025-09-25,LEC,,211,206.5,208,,,75350,15703418.9,262,,
2025-09-25,LICN,,839,825,835,,,4720,3936648.6,56,,
2025-09-25,LLBS,,985.5,975,978,,,237,231394,9,,
2025-09-25,LSL,,231,227.3,230,,,99514,22827554.5,168,,
2025-09-25,MAKAR,,624.4,608.1,622,,,7390,4541322,56,,
2025-09-25,MANDU,,832,820,832,,,420,346591.5,23,,
2025-09-25,MATRI,,1009,995.1,996,,,764,764327.2,17,,
2025-09-25,MBJC,,309.5,296,303,,,13104,3964519.3,141,,
2025-09-25,MBL,,224.7,221.1,224,,,26621,5915539,108,,
2025-09-25,MCHL,,531.4,521,530,,,2316,1225970.2,37,,
2025-09-25,MEHL,,455,434,449,,,13644,6105438.7,146,,
2025-09-25,MEL,,306,285.3,294,,,11124,3244249.2,116,,
2025-09-25,MEN,,628,625,625.5,,,43358,27132951.5,196,,
2025-09-25,MERO,,859,828.3,839,,,6255,5254645.6,72,,
2025-09-25,MFIL,,659,638.09,647.1,,,16724,10900635.6,81,,
2025-09-25,MHCL,,443,427.7,435,,,5463,2378854.8,59,,
2025-09-25,MHL,,511.9,496,499.9,,,26108,13046234.8,124,,
2025-09-25,MHNL,,253.7,245.6,246.5,,,16730,4149699.8,62,,
2025-09-25,MKCL,,1525,1504,1522,,,4255,6428728.8,75,,
2025-09-25,MKHC,,416,400,406.3,,,5554,2256654.8,60,,
2025-09-25,MKHL,,811,752.9,811,,,57061,43510172.7,39,,
2025-09-25,MKJC,,604,581,602,,,85168,50804665.1,401,,
2025-09-25,MLBBL,,1505,1486,1496,,,571,852792.9,14,,
2025-09-25,MLBS,,1585,1524,1584,,,507,798400.3,18,,
2025-09-25,MLBSL,,2190,2110,2160,,,468,1001182,18,,
2025-09-25,MMKJL,,695,661,675,,,19184,13069735.2,179,,
2025-09-25,MPFL,,574.9,547,562,,,5987,3350845,58,,
2025-09-25,MSHL,,947,916.2,917.1,,,976,908120.6,16,,
2025-09-25,MSLB,,1462.9,1418.1,1449,,,2520,3645100.4,48,,
2025-09-25,NABIL,,524.9,516,521.6,,,28626,14946270.3,236,,
2025-09-25,NADEP,,805,780,786,,,1988,1567546,21,,
2025-09-25,NBL,,251,248,250,,,56399,14089058,169,,
2025-09-25,NESDO,,1567,1501,1567,,,201,308025.2,14,,
2025-09-25,NFS,,662.4,637,646,,,13732,8887813.1,145,,
2025-09-25,NGPL,,392,382,389.9,,,125426,48627421.1,362,,
2025-09-25,NHDL,,708.8,694,694,,,9074,6370612.5,37,,
2025-09-25,NHPC,,204,198.1,200,,,78352,15662156.4,233,,
2025-09-25,NICA,,336.7,330.1,331.2,,,24603,8184953,198,,
2025-09-25,NICLBSL,,574,565.5,573,,,2006,1146730,44,,
2025-09-25,NIFRA,,275,270,272,,,141089,38455526.8,432,,
2025-09-25,NIMB,,207.5,204.4,206,,,38465,7897131,195,,
2025-09-25,NLIC,,772.2,760,770.1,,,20218,15525025,138,,
2025-09-25,NLICL,,615.5,580.1,600,,,3953,2353784.9,38,,
2025-09-25,NLO,,293.2,293.2,293.2,,,0,0,0,,
2025-09-25,NMB,,250,243.6,248.4,,,20443,5010340.6,116,,
2025-09-25,NMBMF,,694,686,687.3,,,794,547625,18,,
2025-09-25,NMFBS,,1289,1245,1260.2,,,6918,8727788.6,73,,
2025-09-25,NMLBBL,,650,644.1,649,,,2795,1806427.9,32,,
2025-09-25,NRIC,,1490,1436,1462,,,211691,309034270.6,833,,
2025-09-25,NRM,,444.8,430.2,439,,,27469,12059490.9,210,,
2025-09-25,NRN,,1980.1,1952.2,1974.9,,,19094,37531083.6,202,,
2025-09-25,NTC,,856.9,840.5,848.2,,,8106,6879023,134,,
2025-09-25,NUBL,,776.3,765.1,769.9,,,2285,1756377.1,43,,
2025-09-25,NWCL,,848,836,840,,,724,608545,32,,
2025-09-25,NYADI,,418,410,416.4,,,2730,1130941,39,,
2025-09-25,OHL,,735.1,716.4,733,,,21898,15809355.2,68,,
2025-09-25,OMPL,,1238,1205.4,1212.7,,,9885,12019946.3,178,,
2025-09-25,PCBL,,250.9,245,248.9,,,59963,14873793.6,98,,
2025-09-25,PFL,,408,395.1,395.1,,,7039,2829656.3,62,,
2025-09-25,PHCL,,401,391,397,,,2330,916622,54,,
2025-09-25,PMHPL,,349.9,333.3,336,,,39939,13566822.9,153,,
2025-09-25,PMLI,,485,475.1,482,,,5776,2775844.4,74,,
2025-09-25,PPCL,,338.9,320.2,327,,,11634,3770630,60,,
2025-09-25,PPL,,315,303,310.1,,,18892,5867117.7,108,,
2025-09-25,PROFL,,497,487,490.9,,,3547,1743747.1,31,,
2025-09-25,PRVU,,209,205.5,205.9,,,58870,12169772.7,194,,
2025-09-25,PURE,,799.9,772.8,799,,,3625,2872244.6,109,,
2025-09-25,RADHI,,770.1,745,746,,,46845,35132507.7,209,,
2025-09-25,RAWA,,769.9,753,753.1,,,719,544315.9,12,,
2025-09-25,RFPL,,360,350.2,350.2,,,16194,5728754,154,,
2025-09-25,RHGCL,,273.3,263,265.4,,,37436,9962909,211,,
2025-09-25,RHPL,,295.9,282.2,288,,,26050,7544095.3,148,,
2025-09-25,RIDI,,237.5,231.5,235,,,73136,17069084.1,184,,
2025-09-25,RLFL,,452,445.2,448,,,7695,3465437.1,40,,
2025-09-25,RNLI,,464.9,456,461.9,,,18500,8508226.5,207,,
2025-09-25,RSDC,,665,652,659.9,,,15547,10219436.7,123,,
2025-09-25,RURU,,736,711,719.6,,,6972,5075002.8,49,,
2025-09-25,SAHAS,,644,640,641.5,,,54572,35015765.9,324,,
2025-09-25,SANIMA,,336,331.7,332.9,,,39197,13050145.2,237,,
2025-09-25,SANVI,,618,600,613,,,12111,7355201.4,398,,
2025-09-25,SARBTM,,899.8,875,883,,,10512,9338356.6,109,,
2025-09-25,SBI,,396,388,395.9,,,8475,3307777.3,55,,
2025-09-25,SBL,,358,352,356,,,18084,6404485.5,81,,
2025-09-25,SCB,,633,620,624.1,,,28886,18052677.6,154,,
2025-09-25,SGHC,,342,335,338,,,6259,2124963,62,,
2025-09-25,SHEL,,296,290.1,291,,,90869,26604167.3,347,,
2025-09-25,SHIVM,,599.4,589,594,,,106855,63422168.2,492,,
2025-09-25,SHL,,535,515,530.2,,,26208,13826307.1,91,,
2025-09-25,SHLB,,1954,1879,1954,,,354,668400,19,,
2025-09-25,SHPC,,537,527.5,532.5,,,29869,15896175.5,181,,
2025-09-25,SIFC,,516.9,502,511,,,9766,4947109.7,68,,
2025-09-25,SIKLES,,764,730,730,,,9599,7132534.5,138,,
2025-09-25,SJCL,,298.8,285.1,294.9,,,4690,1375618,57,,
2025-09-25,SJLIC,,434,419.1,426.4,,,6106,2609486,98,,
2025-09-25,SKBBL,,905,886,899,,,11323,10110605.9,129,,
2025-09-25,SLBBL,,925,900.1,922,,,4667,4265810.3,88,,
2025-09-25,SLBSL,,1475,1436,1465,,,5901,8546276.2,52,,
2025-09-25,SMATA,,970.2,914,943.1,,,19226,17921548.3,284,,
2025-09-25,SMB,,2248,2200,2238,,,1653,3664254.1,47,,
2025-09-25,SMFBS,,1720,1700,1715,,,729,1247844,14,,
2025-09-25,SMH,,910,856.6,889.8,,,166,147075.1,12,,
2025-09-25,SMHL,,978,881.1,898,,,15769,14199730.8,117,,
2025-09-25,SMJC,,570,553,559,,,17176,9634524.7,130,,
2025-09-25,SMPDA,,948,905,934,,,8128,7518166.2,72,,
2025-09-25,SNLI,,451,446.2,450,,,22718,10182588.3,258,,
2025-09-25,SONA,,440,434,435,,,25279,11036047.7,284,,
2025-09-25,SPC,,519,511,511.1,,,7362,3775460.1,60,,
2025-09-25,SPDL,,393,384,388.5,,,52319,20349948.2,173,,
2025-09-25,SPHL,,558,527.1,537,,,7974,4350232.4,52,,
2025-09-25,SPL,,984,937,984,,,19722,18505838.5,31,,
2025-09-25,SRLI,,390,385,387.3,,,7601,2944000.2,130,,
2025-09-25,SSHL,,183.5,177.4,181.1,,,48362,8747348,214,,
2025-09-25,STC,,5400,5181,5310,,,1121,6031595,39,,
2025-09-25,SWBBL,,855,834.2,835,,,4970,4156120.3,46,,
2025-09-25,SWMF,,715,704,711,,,863,614026.1,24,,
2025-09-25,TAMOR,,502,491.4,496,,,8122,4042106,79,,
2025-09-25,TPC,,344.7,329,337,,,4578,1553934,38,,
2025-09-25,TRH,,844.7,833.1,839,,,2040,1707625,30,,
2025-09-25,TSHL,,799,730.8,783.5,,,21883,16470776.5,142,,
2025-09-25,TTL,,760,747.2,751,,,12833,9657820.2,448,,
2025-09-25,TVCL,,479,443.1,469,,,4611,2159929.4,67,,
2025-09-25,UHEWA,,614.9,593,599.2,,,15753,9494551.1,147,,
2025-09-25,ULBSL,,3636.8,3550,3614.7,,,1275,4584787.8,22,,
2025-09-25,ULHC,,483.9,474.4,480,,,8036,3837280.9,66,,
2025-09-25,UMHL,,550,542,550,,,55369,30241880.3,179,,
2025-09-25,UMRH,,600,585.1,595,,,9674,5738052.5,42,,
2025-09-25,UNHPL,,484,464,470.9,,,389469,183437252.2,867,,
2025-09-25,UNL,,49737,48743,48743,,,124,6056075.3,15,,
2025-09-25,UNLB,,2198,2160.1,2195,,,790,1708715.2,12,,
2025-09-25,UPCL,,390,382.1,382.1,,,82715,31792947.9,348,,
2025-09-25,UPPER,,189.9,186,187.1,,,44954,8442154.1,284,,
2025-09-25,USHEC,,495,482,495,,,17263,8486478.5,98,,
2025-09-25,USHL,,765,736,741.2,,,3640,2704803.9,44,,
2025-09-25,USLB,,1890,1855,1858,,,3529,6585661.1,79,,
2025-09-25,VLBS,,807,800,807,,,1629,1303735.8,14,,
2025-09-25,VLUCL,,638.5,608,608,,,12521,7730440.8,119,,
2025-09-28,ACLBSL,,1045,1021,1045,,,448,463330,16,,
2025-09-28,ADBL,,321,315,319.5,,,26821,8532207.9,130,,
2025-09-28,AHL,,670,633,662,,,8798,5676552.1,108,,
2025-09-28,AHPC,,295.7,291.2,295.6,,,112326,33037676.4,341,,
2025-09-28,AKJCL,,197,194,196.5,,,15210,2982434.1,131,,
2025-09-28,AKPL,,262,257,260,,,70391,18269927.2,223,,
2025-09-28,ALBSL,,1048,1025.3,1032.3,,,2362,2438008.6,45,,
2025-09-28,ALICL,,479.4,469.7,473,,,7357,3479855.1,65,,
2025-09-28,ANLB,,6224,6122,6224,,,204,1249870.9,15,,
2025-09-28,API,,295,289.1,292,,,54704,15903603.4,191,,
2025-09-28,AVYAN,,1007.9,992,1007.9,,,2464,2460017,34,,
2025-09-28,BARUN,,342,318,337,,,29332,9862957.4,165,,
2025-09-28,BBC,,5137,4955,4962.8,,,317,1592326,26,,
2025-09-28,BEDC,,715,642.8,714.9,,,32788,21792401,196,,
2025-09-28,BFC,,476,466.5,471,,,6550,3068675.7,56,,
2025-09-28,BGWT,,944,890.4,940.9,,,13441,12470519.3,223,,
2025-09-28,BHCL,,463,451.2,459,,,20632,9462162.2,754,,
2025-09-28,BHDC,,589.5,574,583,,,32042,18574057.5,138,,
2025-09-28,BHL,,195.8,191.1,193.5,,,66858,12845900.1,299,,
2025-09-28,BHPL,,775,731,733,,,1624,1208219.2,35,,
2025-09-28,BNHC,,495.5,481,487,,,7898,3832979,60,,
2025-09-28,BNL,,15700,15700,15700,,,0,0,0,,
2025-09-28,BNT,,11520,11212,11300,,,222,2526487,19,,
2025-09-28,BPCL,,775,760,763,,,32520,24917768.8,151,,
2025-09-28,CBBL,,1038,1026,1028,,,13657,14040978.6,139,,
2025-09-28,CFCL,,503.7,495,495,,,3959,1962649.5,35,,
2025-09-28,CGH,,929,900.1,901,,,16549,15029815.1,146,,
2025-09-28,CHCL,,505,496,503,,,18448,9209494.2,150,,
2025-09-28,CHDC,,2370,2320,2356,,,11957,28084477.1,161,,
2025-09-28,CHL,,273,264.5,273,,,55459,14947279.4,315,,
2025-09-28,CIT,,1924,1890,1896.3,,,5826,11057833.8,134,,
2025-09-28,CITY,,599,576.3,582,,,9159,5331326.5,120,,
2025-09-28,CKHL,,664,651,664,,,1050,689407.5,19,,
2025-09-28,CLI,,477.1,462,463.7,,,13303,6173002.2,166,,
2025-09-28,CREST,,1070,1050,1064.8,,,3809,4027547.7,174,,
2025-09-28,CYCL,,1675,1615.5,1644,,,1510,2459546.5,47,,
2025-09-28,CZBIL,,211,208,210,,,53482,11186904.4,219,,
2025-09-28,DDBL,,887,856,871,,,4216,3672052.6,43,,
2025-09-28,DHPL,,307,296,300,,,2756,827337.9,39,,
2025-09-28,DLBS,,1451.3,1394.6,1394.6,,,606,850650.6,21,,
2025-09-28,DOLTI,,584,562.7,567.9,,,1796,1016191.6,29,,
2025-09-28,DORDI,,245,238,245,,,45563,11076191.5,254,,
2025-09-28,EBL,,722,713,720,,,27218,19556486.7,172,,
2025-09-28,EHPL,,533,526.4,530,,,4080,2160877.9,43,,
2025-09-28,ENL,,990,960.2,982,,,1017,985787.8,38,,
2025-09-28,FMDBL,,846.6,827,836.5,,,11749,9755845,79,,
2025-09-28,FOWAD,,1115,1101.6,1109,,,1121,1244205,30,,
2025-09-28,GBIME,,252,247,249,,,93704,23375581.2,263,,
2025-09-28,GBLBS,,764,750,758,,,1448,1092271,32,,
2025-09-28,GCIL,,464,457,460,,,8766,4031909.3,132,,
2025-09-28,GFCL,,617,609,617,,,3687,2268563.6,37,,
2025-09-28,GHL,,228.8,225.2,228,,,25738,5847539.3,137,,
2025-09-28,GILB,,1230,1215.1,1216,,,4004,4894476.5,47,,
2025-09-28,GLBSL,,2245,2186,2243,,,2351,5217497.3,58,,
2025-09-28,GLH,,281.1,273,276,,,124912,34589026.6,381,,
2025-09-28,GMFBS,,1588,1572,1580,,,158,249544,10,,
2025-09-28,GMFIL,,484.9,467.5,474,,,8455,3972948,41,,
2025-09-28,GMLI,,2024,1980,2024,,,1652,3291135,64,,
2025-09-28,GUFL,,517,487,500,,,4821,2390881.5,53,,
2025-09-28,GVL,,534,523,532,,,32510,17254989.7,153,,
2025-09-28,HATHY,,1020,980,1001,,,6570,6565732.4,105,,
2025-09-28,HBL,,203.8,199.1,203.8,,,63549,12744399,2101,,
2025-09-28,HDHPC,,188.9,184.1,186.8,,,37041,6924982.5,165,,
2025-09-28,HDL,,1390.2,1360,1369,,,50082,68534959.2,467,,
2025-09-28,HHL,,370,351,359,,,22774,8094489.3,125,,
2025-09-28,HIDCL,,276,270,274.4,,,76227,20778240.8,250,,
2025-09-28,HIMSTAR,,762.3,666.4,688,,,76236,52107209,6848,,
2025-09-28,HLBSL,,985,965.3,979.8,,,2002,1943096,18,,
2025-09-28,HLI,,393,384.1,390,,,23313,9042783.1,173,,
2025-09-28,HPPL,,466,458.5,466,,,17636,8143950.5,98,,
2025-09-28,HRL,,872,853.1,862,,,90595,77861427.7,699,,
2025-09-28,HURJA,,233.4,227.2,230.2,,,15696,3608475.3,72,,
2025-09-28,ICFC,,670,650.2,661,,,6377,4211287.3,60,,
2025-09-28,IHL,,575,564,569,,,2606,1480792.5,42,,
2025-09-28,ILBS,,1209.9,1184,1203,,,2464,2922631.7,31,,
2025-09-28,ILI,,452,445,450.5,,,12560,5616041.6,163,,
2025-09-28,JBLB,,1472,1445,1469,,,2905,4229098.9,77,,
2025-09-28,JFL,,460,452,452,,,2722,1242550,37,,
2025-09-28,JOSHI,,325.9,310.7,314,,,10427,3287581.7,86,,
2025-09-28,JSLBB,,1215,1201,1215,,,837,1008790.5,7,,
2025-09-28,KBL,,193,190,192,,,159082,30390353.2,395,,
2025-09-28,KBSH,,1869.8,1840.2,1869.8,,,190,351689,8,,
2025-09-28,KDL,,998,980,997,,,905,890518,13,,
2025-09-28,KKHC,,245.7,241.1,244,,,6202,1516416.7,44,,
2025-09-28,KMCDB,,1120,1026,1057,,,3515,3710752.3,71,,
2025-09-28,KPCL,,622.3,589,602,,,75555,45140135.3,281,,
2025-09-28,LEC,,211.9,206.2,207,,,101495,21083494.4,249,,
2025-09-28,LICN,,845,835,840,,,2189,1834925.7,36,,
2025-09-28,LLBS,,993,975,993,,,330,324026,7,,
2025-09-28,LSL,,233,229.4,232,,,52268,12082441.6,122,,
2025-09-28,MAKAR,,629.3,601,614,,,1550,946547,23,,
2025-09-28,MANDU,,850,831.7,850,,,1170,984990.4,25,,
2025-09-28,MATRI,,1015.9,996,1005,,,690,693155.5,13,,
2025-09-28,MBJC,,307,300.7,307,,,6485,1966810.7,97,,
2025-09-28,MBL,,225,219.6,222,,,45197,10009145.8,182,,
2025-09-28,MCHL,,539,522.1,539,,,1655,878027.5,26,,
2025-09-28,MEHL,,451.9,437.1,449,,,4357,1925740.4,83,,
2025-09-28,MEL,,304,288.5,298,,,8391,2480087.5,115,,
2025-09-28,MEN,,638,625.2,632,,,25748,16208260.3,156,,
2025-09-28,MERO,,855.7,835,835.1,,,3282,2749778.5,35,,
2025-09-28,MFIL,,658,645,648,,,20086,13035596.2,110,,
2025-09-28,MHCL,,435.1,425,432.9,,,2786,1199717.5,32,,
2025-09-28,MHL,,504,496,502,,,7583,3784728.7,80,,
2025-09-28,MHNL,,251.2,246.5,250,,,8346,2073599.8,41,,
2025-09-28,MKCL,,1535,1515,1535,,,1427,2174156.6,38,,
2025-09-28,MKHC,,409,406,409,,,1995,810936.8,29,,
2025-09-28,MKHL,,827.2,795,795.1,,,273,218046,18,,
2025-09-28,MKJC,,615,593.2,608,,,81336,49332563.4,319,,
2025-09-28,MLBBL,,1524,1500.1,1521.6,,,536,810952,9,,
2025-09-28,MLBS,,1600,1599,1600,,,28,44790,2,,
2025-09-28,MLBSL,,2200,2149,2192,,,859,1869099.4,32,,
2025-09-28,MMKJL,,699.9,666,670.3,,,6546,4409428,73,,
2025-09-28,MPFL,,572.8,561.5,568.9,,,5041,2846428.8,35,,
2025-09-28,MSHL,,953.7,921,937,,,5619,5289563.3,69,,
2025-09-28,MSLB,,1506.5,1420.1,1462.8,,,2364,3424603,42,,
2025-09-28,NABIL,,528,521,527,,,30997,16269472.5,305,,
2025-09-28,NADEP,,833.3,783,827,,,5071,4034927.4,40,,
2025-09-28,NBL,,255,250,251.9,,,23772,5966379.9,159,,
2025-09-28,NESDO,,1589,1550,1578.9,,,481,748853.1,16,,
2025-09-28,NFS,,660,646.2,647.4,,,7844,5107201.9,71,,
2025-09-28,NGPL,,394.7,389,392,,,119788,46756298.1,321,,
2025-09-28,NHDL,,710,695,695.1,,,1546,1083206.7,30,,
2025-09-28,NHPC,,203,198.5,200,,,42203,8441381.9,147,,
2025-09-28,NICA,,337,333,334,,,31511,10522752.9,193,,
2025-09-28,NICLBSL,,581,570,572,,,3614,2086428,47,,
2025-09-28,NIFRA,,276,268.7,275,,,158703,43206191.1,380,,
2025-09-28,NIMB,,208.7,205.1,208,,,35961,7427393.3,179,,
2025-09-28,NLIC,,785,771.2,779.2,,,14901,11617438,173,,
2025-09-28,NLICL,,602.9,585,599.9,,,16205,9608793.5,73,,
2025-09-28,NLO,,244.33,244.33,244.33,,,0,0,0,,
2025-09-28,NMB,,250,245,248.5,,,35996,8924993.2,101,,
2025-09-28,NMBMF,,694,677.1,694,,,2143,1465560.8,29,,
2025-09-28,NMFBS,,1280,1260.1,1268.3,,,2697,3416359.8,29,,
2025-09-28,NMLBBL,,669.1,645,654,,,1391,909041.2,32,,
2025-09-28,NRIC,,1487,1444,1444,,,75209,110034005,499,,
2025-09-28,NRM,,446.8,436.1,445,,,33037,14614334.3,235,,
2025-09-28,NRN,,2014,1963.2,1970,,,27313,54123499.6,167,,
2025-09-28,NTC,,855,848,852,,,6444,5477788.3,143,,
2025-09-28,NUBL,,780,766,770,,,3871,2977681,43,,
2025-09-28,NWCL,,857,829.5,857,,,1046,877685.5,30,,
2025-09-28,NYADI,,416.9,410,416.9,,,3506,1443050,46,,
2025-09-28,OHL,,739,718,725,,,3737,2710087.9,50,,
2025-09-28,OMPL,,1214,1190.1,1213.8,,,5814,6981512.4,160,,
2025-09-28,PCBL,,253,248.5,253,,,22288,5594276.7,75,,
2025-09-28,PFL,,403,395,401,,,4140,1652196.7,63,,
2025-09-28,PHCL,,404,391,394.9,,,3292,1307589.8,54,,
2025-09-28,PMHPL,,349,327.5,335,,,37529,12528020,146,,
2025-09-28,PMLI,,490,481.5,490,,,3731,1808660.1,72,,
2025-09-28,PPCL,,329.9,321,326,,,10260,3349940.4,41,,
2025-09-28,PPL,,314.9,308.5,309.8,,,22668,7032784.1,104,,
2025-09-28,PROFL,,500,490,492.5,,,1987,980277.3,31,,
2025-09-28,PRVU,,208.9,206,207.9,,,50781,10515810.9,197,,
2025-09-28,PURE,,813,785,797,,,3253,2569076.2,112,,
2025-09-28,RADHI,,760,745,751,,,57305,43004071.6,203,,
2025-09-28,RAWA,,799,753.1,775.2,,,481,370163.3,18,,
2025-09-28,RFPL,,371,352,354.4,,,11815,4192276.5,125,,
2025-09-28,RHGCL,,270.7,258.2,261.9,,,70954,18503980.8,281,,
2025-09-28,RHPL,,293.9,284.1,290,,,11456,3308279.3,117,,
2025-09-28,RIDI,,239.4,234,235,,,44046,10373079,143,,
2025-09-28,RLFL,,453,447,448,,,3814,1711502,33,,
2025-09-28,RNLI,,477.9,463.2,472,,,61784,29116136.4,227,,
2025-09-28,RSDC,,660,637.4,649,,,16766,10874171.7,178,,
2025-09-28,RURU,,733.9,720,725.5,,,1553,1128361.5,33,,
2025-09-28,SAHAS,,657,641.5,657,,,57715,37438453.2,331,,
2025-09-28,SANIMA,,335,331,335,,,57946,19341918.1,191,,
2025-09-28,SANVI,,636.9,613,636.9,,,12532,7842562.2,410,,
2025-09-28,SARBTM,,899.8,885,890,,,7959,7072341.6,61,,
2025-09-28,SBI,,398,391,393,,,3248,1274964.9,40,,
2025-09-28,SBL,,363.1,357.3,360,,,20952,7545718,66,,
2025-09-28,SCB,,636,626,630,,,5718,3600896.8,77,,
2025-09-28,SGHC,,345,338,344,,,4845,1659909.6,42,,
2025-09-28,SHEL,,297,291.1,297,,,101776,30012281.4,264,,
2025-09-28,SHIVM,,605,590,598.5,,,137590,81867871.2,488,,
2025-09-28,SHL,,539.9,526,536.4,,,12303,6557493.5,76,,
2025-09-28,SHLB,,1937,1900,1937,,,600,1147523,10,,
2025-09-28,SHPC,,543.1,532.3,535.9,,,37371,20027356.8,171,,
2025-09-28,SIFC,,510,502,510,,,4148,2101198.9,44,,
2025-09-28,SIKLES,,715.4,657,657,,,60860,40033694,378,,
2025-09-28,SJCL,,299.9,291,299.9,,,2312,683383,43,,
2025-09-28,SJLIC,,432,424.1,431.9,,,8190,3504171.6,93,,
2025-09-28,SKBBL,,907,895,904,,,18549,16698800,168,,
2025-09-28,SLBBL,,927.5,913,919,,,2586,2371022.1,51,,
2025-09-28,SLBSL,,1479.5,1425,1465,,,15724,23090046.1,37,,
2025-09-28,SMATA,,999,915,937,,,11197,10491401.4,152,,
2025-09-28,SMB,,2279.9,2235,2255,,,557,1257666.5,23,,
2025-09-28,SMFBS,,1739,1701.2,1739,,,326,557217.4,8,,
2025-09-28,SMH,,900,871,889.7,,,1861,1650444.9,22,,
2025-09-28,SMHL,,914,878,889.9,,,12030,10681197.8,118,,
2025-09-28,SMJC,,566,556,563,,,9667,5419295,78,,
2025-09-28,SMPDA,,939,918.1,928,,,3961,3674217,61,,
2025-09-28,SNLI,,456.4,448,455,,,6697,3023432.8,178,,
2025-09-28,SONA,,443.6,433.2,438.8,,,12880,5619760.7,154,,
2025-09-28,SPC,,515,511,513.3,,,3881,1991910,34,,
2025-09-28,SPDL,,404.9,390,402,,,105654,42266468.3,316,,
2025-09-28,SPHL,,549,528,544,,,5245,2811112.7,55,,
2025-09-28,SPL,,965,950,960,,,125,119222,10,,
2025-09-28,SRLI,,394,385,393.9,,,9467,3705468.6,120,,
2025-09-28,SSHL,,186,180,182,,,36807,6734759.9,221,,
2025-09-28,STC,,5395,5270,5395,,,814,4319565,30,,
2025-09-28,SWBBL,,845,833,844.7,,,2655,2220729.5,30,,
2025-09-28,SWMF,,715,702,713,,,1006,710521.5,24,,
2025-09-28,TAMOR,,500,491.3,499,,,4240,2104993.2,45,,
2025-09-28,TPC,,343.7,317.3,335.9,,,94231,30790249.5,384,,
2025-09-28,TRH,,856.8,825,856.8,,,8799,7315222.5,46,,
2025-09-28,TSHL,,788,745,788,,,5171,3914113.9,57,,
2025-09-28,TTL,,770,751,757,,,10058,7625518.6,381,,
2025-09-28,TVCL,,474,456.1,464.9,,,1061,488236.1,29,,
2025-09-28,UHEWA,,614,591,603,,,10348,6188696.8,122,,
2025-09-28,ULBSL,,3600,3546.1,3590,,,553,1971569,13,,
2025-09-28,ULHC,,487.4,475,481,,,3437,1644495.1,48,,
2025-09-28,UMHL,,554.9,544,554.6,,,56918,31227923.1,147,,
2025-09-28,UMRH,,605,590,590,,,3590,2129826.2,36,,
2025-09-28,UNHPL,,505,473,496,,,490483,241146636.2,1296,,
2025-09-28,UNL,,49698,49000,49000,,,30,1476980,3,,
2025-09-28,UNLB,,2232.9,2100,2228,,,1950,4145194.2,52,,
2025-09-28,UPCL,,389.6,378,389,,,126102,48514492,389,,
2025-09-28,UPPER,,191.7,187,189,,,59047,11149481.4,294,,
2025-09-28,USHEC,,509.9,492.2,499,,,18260,9145122.1,81,,
2025-09-28,USHL,,750,737,745,,,1882,1393352.5,27,,
2025-09-28,USLB,,1973,1821.5,1846,,,13654,25528630.8,123,,
2025-09-28,VLBS,,825,805,825,,,1134,918798,21,,
2025-09-28,VLUCL,,616.9,580,605,,,15991,9581521.9,98,,
